Object,Property,Property split,Type,Access
ActionSetting,Application,Application,Application,R_O
ActionSetting,Parent,Parent,Object,R_O
ActionSetting,Action,Action,PpActionType,V
ActionSetting,ActionVerb,Action Verb,String,V
ActionSetting,AnimateAction,Animate Action,MsoTriState,V
ActionSetting,Run,Run,String,V
ActionSetting,SlideShowName,Slide Show Name,String,V
ActionSetting,Hyperlink,Hyperlink,Hyperlink,R_O
ActionSetting,SoundEffect,Sound Effect,SoundEffect,R_O
ActionSetting,ShowAndReturn,Show And Return,MsoTriState,V
ActionSettings,Count,Count,Long,R_O
ActionSettings,Application,Application,Application,R_O
ActionSettings,Parent,Parent,Object,R_O
AddIn,Application,Application,Application,R_O
AddIn,Parent,Parent,Object,R_O
AddIn,FullName,Full Name,String,R_O
AddIn,Name,Name,String,R_O
AddIn,Path,Path,String,R_O
AddIn,Registered,Registered,MsoTriState,V
AddIn,AutoLoad,Auto Load,MsoTriState,V
AddIn,Loaded,Loaded,MsoTriState,V
AddIns,Count,Count,Long,R_O
AddIns,Application,Application,Application,R_O
AddIns,Parent,Parent,Object,R_O
Adjustments,Application,Application,Object,R_O
Adjustments,Creator,Creator,Long,R_O
Adjustments,Parent,Parent,Object,R_O
Adjustments,Count,Count,Long,R_O
Adjustments,Item,Item,Single,V
AnimationBehavior,Application,Application,Application,R_O
AnimationBehavior,Parent,Parent,Object,R_O
AnimationBehavior,Additive,Additive,MsoAnimAdditive,V
AnimationBehavior,Accumulate,Accumulate,MsoAnimAccumulate,V
AnimationBehavior,Type,Type,MsoAnimType,V
AnimationBehavior,MotionEffect,Motion Effect,MotionEffect,R_O
AnimationBehavior,ColorEffect,Color Effect,ColorEffect,R_O
AnimationBehavior,ScaleEffect,Scale Effect,ScaleEffect,R_O
AnimationBehavior,RotationEffect,Rotation Effect,RotationEffect,R_O
AnimationBehavior,PropertyEffect,Property Effect,PropertyEffect,R_O
AnimationBehavior,Timing,Timing,Timing,R_O
AnimationBehavior,CommandEffect,Command Effect,CommandEffect,R_O
AnimationBehavior,FilterEffect,Filter Effect,FilterEffect,R_O
AnimationBehavior,SetEffect,Set Effect,SetEffect,R_O
AnimationBehaviors,Count,Count,Long,R_O
AnimationBehaviors,Application,Application,Application,R_O
AnimationBehaviors,Parent,Parent,Object,R_O
AnimationPoint,Application,Application,Application,R_O
AnimationPoint,Parent,Parent,Object,R_O
AnimationPoint,Time,Time,Single,V
AnimationPoint,Value,Value,Variant,V
AnimationPoint,Formula,Formula,String,V
AnimationPoints,Count,Count,Long,R_O
AnimationPoints,Application,Application,Application,R_O
AnimationPoints,Parent,Parent,Object,R_O
AnimationPoints,Smooth,Smooth,MsoTriState,V
AnimationSettings,Application,Application,Application,R_O
AnimationSettings,Parent,Parent,Object,R_O
AnimationSettings,DimColor,Dim Color,ColorFormat,R_O
AnimationSettings,SoundEffect,Sound Effect,SoundEffect,R_O
AnimationSettings,EntryEffect,Entry Effect,PpEntryEffect,V
AnimationSettings,AfterEffect,After Effect,PpAfterEffect,V
AnimationSettings,AnimationOrder,Animation Order,Long,V
AnimationSettings,AdvanceMode,Advance Mode,PpAdvanceMode,V
AnimationSettings,AdvanceTime,Advance Time,Single,V
AnimationSettings,PlaySettings,Play Settings,PlaySettings,R_O
AnimationSettings,TextLevelEffect,Text Level Effect,PpTextLevelEffect,V
AnimationSettings,TextUnitEffect,Text Unit Effect,PpTextUnitEffect,V
AnimationSettings,Animate,Animate,MsoTriState,V
AnimationSettings,AnimateBackground,Animate Background,MsoTriState,V
AnimationSettings,AnimateTextInReverse,Animate Text In Reverse,MsoTriState,V
AnimationSettings,ChartUnitEffect,Chart Unit Effect,PpChartUnitEffect,V
Application,Presentations,Presentations,Presentations,R_O
Application,Windows,Windows,DocumentWindows,R_O
Application,ActiveWindow,Active Window,DocumentWindow,R_O
Application,ActivePresentation,Active Presentation,Presentation,R_O
Application,SlideShowWindows,Slide Show Windows,SlideShowWindows,R_O
Application,CommandBars,Command Bars,CommandBars,R_O
Application,Path,Path,String,R_O
Application,Name,Name,String,R_O
Application,Caption,Caption,String,V
Application,Build,Build,String,R_O
Application,Version,Version,String,R_O
Application,OperatingSystem,Operating System,String,R_O
Application,ActivePrinter,Active Printer,String,R_O
Application,Creator,Creator,Long,R_O
Application,AddIns,Add Ins,AddIns,R_O
Application,VBE,VBE,VBE,R_O
Application,Left,Left,Single,V
Application,Top,Top,Single,V
Application,Width,Width,Single,V
Application,Height,Height,Single,V
Application,WindowState,Window State,PpWindowState,V
Application,Visible,Visible,MsoTriState,V
Application,Active,Active,MsoTriState,R_O
Application,COMAddIns,COM Add Ins,COMAddIns,R_O
Application,ProductCode,Product Code,String,R_O
Application,LanguageSettings,Language Settings,LanguageSettings,R_O
Application,ShowWindowsInTaskbar,Show Windows In Taskbar,MsoTriState,V
Application,FeatureInstall,Feature Install,MsoFeatureInstall,V
Application,FileDialog,File Dialog,FileDialog,R_O
Application,DisplayGridLines,Display Grid Lines,MsoTriState,V
Application,AutomationSecurity,Automation Security,MsoAutomationSecurity,V
Application,NewPresentation,New Presentation,NewFile,R_O
Application,DisplayAlerts,Display Alerts,PpAlertLevel,V
Application,ShowStartupDialog,Show Startup Dialog,MsoTriState,V
Application,AutoCorrect,Auto Correct,AutoCorrect,R_O
Application,Options,Options,Options,R_O
Application,DisplayDocumentInformationPanel,Display Document Information Panel,Boolean,V
Application,Assistance,Assistance,IAssistance,R_O
Application,ActiveEncryptionSession,Active Encryption Session,Long,R_O
Application,FileConverters,File Converters,FileConverters,R_O
Application,SmartArtLayouts,Smart Art Layouts,SmartArtLayouts,R_O
Application,SmartArtQuickStyles,Smart Art Quick Styles,SmartArtQuickStyles,R_O
Application,SmartArtColors,Smart Art Colors,SmartArtColors,R_O
Application,ProtectedViewWindows,Protected View Windows,ProtectedViewWindows,R_O
Application,ActiveProtectedViewWindow,Active Protected View Window,ProtectedViewWindow,R_O
Application,IsSandboxed,Is Sandboxed,Boolean,R_O
Application,FileValidation,File Validation,MsoFileValidationMode,V
Application,ChartDataPointTrack,Chart Data Point Track,Boolean,V
Application,DisplayGuides,Display Guides,MsoTriState,V
Application,SensitivityLabelPolicy,Sensitivity Label Policy,SensitivityLabelPolicy,R_O
AutoCorrect,DisplayAutoCorrectOptions,Display Auto Correct Options,Boolean,V
AutoCorrect,DisplayAutoLayoutOptions,Display Auto Layout Options,Boolean,V
Axes,Count,Count,Long,R_O
Axes,Creator,Creator,Long,R_O
Axes,Parent,Parent,Object,R_O
Axes,Application,Application,Application,R_O
Axis,AxisBetweenCategories,Axis Between Categories,Boolean,V
Axis,AxisGroup,Axis Group,XlAxisGroup,R_O
Axis,AxisTitle,Axis Title,AxisTitle,R_O
Axis,CategoryNames,Category Names,Variant,V
Axis,Crosses,Crosses,XlAxisCrosses,V
Axis,CrossesAt,Crosses At,Double,V
Axis,HasMajorGridlines,Has Major Gridlines,Boolean,V
Axis,HasMinorGridlines,Has Minor Gridlines,Boolean,V
Axis,HasTitle,Has Title,Boolean,V
Axis,MajorGridlines,Major Gridlines,Gridlines,R_O
Axis,MajorTickMark,Major Tick Mark,XlTickMark,V
Axis,MajorUnit,Major Unit,Double,V
Axis,LogBase,Log Base,Double,V
Axis,TickLabelSpacingIsAuto,Tick Label Spacing Is Auto,Boolean,V
Axis,MajorUnitIsAuto,Major Unit Is Auto,Boolean,V
Axis,MaximumScale,Maximum Scale,Double,V
Axis,MaximumScaleIsAuto,Maximum Scale Is Auto,Boolean,V
Axis,MinimumScale,Minimum Scale,Double,V
Axis,MinimumScaleIsAuto,Minimum Scale Is Auto,Boolean,V
Axis,MinorGridlines,Minor Gridlines,Gridlines,R_O
Axis,MinorTickMark,Minor Tick Mark,XlTickMark,V
Axis,MinorUnit,Minor Unit,Double,V
Axis,MinorUnitIsAuto,Minor Unit Is Auto,Boolean,V
Axis,ReversePlotOrder,Reverse Plot Order,Boolean,V
Axis,ScaleType,Scale Type,XlScaleType,V
Axis,TickLabelPosition,Tick Label Position,XlTickLabelPosition,V
Axis,TickLabels,Tick Labels,TickLabels,R_O
Axis,TickLabelSpacing,Tick Label Spacing,Long,V
Axis,TickMarkSpacing,Tick Mark Spacing,Long,V
Axis,Type,Type,XlAxisType,V
Axis,BaseUnit,Base Unit,XlTimeUnit,V
Axis,BaseUnitIsAuto,Base Unit Is Auto,Boolean,V
Axis,MajorUnitScale,Major Unit Scale,XlTimeUnit,V
Axis,MinorUnitScale,Minor Unit Scale,XlTimeUnit,V
Axis,CategoryType,Category Type,XlCategoryType,V
Axis,Left,Left,Double,R_O
Axis,Top,Top,Double,R_O
Axis,Width,Width,Double,R_O
Axis,Height,Height,Double,R_O
Axis,DisplayUnit,Display Unit,XlDisplayUnit,V
Axis,DisplayUnitCustom,Display Unit Custom,Double,V
Axis,HasDisplayUnitLabel,Has Display Unit Label,Boolean,V
Axis,DisplayUnitLabel,Display Unit Label,DisplayUnitLabel,R_O
Axis,Border,Border,ChartBorder,R_O
Axis,Format,Format,ChartFormat,R_O
Axis,Creator,Creator,Long,R_O
Axis,Parent,Parent,Object,R_O
Axis,Application,Application,Application,R_O
Axis,CategorySortOrder,Category Sort Order,XlCategorySortOrder,V
AxisTitle,Caption,Caption,String,V
AxisTitle,Characters,Characters,ChartCharacters,R_O
AxisTitle,HorizontalAlignment,Horizontal Alignment,Variant,V
AxisTitle,Left,Left,Double,V
AxisTitle,Orientation,Orientation,Variant,V
AxisTitle,Shadow,Shadow,Boolean,V
AxisTitle,Text,Text,String,V
AxisTitle,Top,Top,Double,V
AxisTitle,VerticalAlignment,Vertical Alignment,Variant,V
AxisTitle,Name,Name,String,R_O
AxisTitle,Parent,Parent,Object,R_O
AxisTitle,IncludeInLayout,Include In Layout,Boolean,V
AxisTitle,Position,Position,XlChartElementPosition,V
AxisTitle,Format,Format,ChartFormat,R_O
AxisTitle,Creator,Creator,Long,R_O
AxisTitle,Application,Application,Application,R_O
AxisTitle,ReadingOrder,Reading Order,Long,V
AxisTitle,Height,Height,Double,R_O
AxisTitle,Width,Width,Double,R_O
AxisTitle,Formula,Formula,String,V
AxisTitle,FormulaR1C1,Formula R1 C1,String,V
AxisTitle,FormulaLocal,Formula Local,String,V
AxisTitle,FormulaR1C1Local,Formula R1 C1 Local,String,V
Borders,Count,Count,Long,R_O
Borders,Application,Application,Application,R_O
Borders,Parent,Parent,Object,R_O
Broadcast,Application,Application,Application,R_O
Broadcast,Parent,Parent,Object,R_O
Broadcast,AttendeeUrl,Attendee Url,String,R_O
Broadcast,IsBroadcasting,Is Broadcasting,Boolean,R_O
Broadcast,State,State,MsoBroadcastState,R_O
Broadcast,Capabilities,Capabilities,Long,R_O
Broadcast,SessionID,Session ID,String,R_O
Broadcast,PresenterServiceUrl,Presenter Service Url,String,R_O
BulletFormat,Application,Application,Application,R_O
BulletFormat,Parent,Parent,Object,R_O
BulletFormat,Character,Character,Long,V
BulletFormat,RelativeSize,Relative Size,Single,V
BulletFormat,UseTextColor,Use Text Color,MsoTriState,V
BulletFormat,UseTextFont,Use Text Font,MsoTriState,V
BulletFormat,Font,Font,Font,R_O
BulletFormat,Type,Type,PpBulletType,V
BulletFormat,Style,Style,PpNumberedBulletStyle,V
BulletFormat,StartValue,Start Value,Long,V
BulletFormat,Number,Number,Long,R_O
CalloutFormat,Application,Application,Object,R_O
CalloutFormat,Creator,Creator,Long,R_O
CalloutFormat,Parent,Parent,Object,R_O
CalloutFormat,Accent,Accent,MsoTriState,V
CalloutFormat,Angle,Angle,MsoCalloutAngleType,V
CalloutFormat,AutoAttach,Auto Attach,MsoTriState,V
CalloutFormat,AutoLength,Auto Length,MsoTriState,R_O
CalloutFormat,Border,Border,MsoTriState,V
CalloutFormat,Drop,Drop,Single,R_O
CalloutFormat,DropType,Drop Type,MsoCalloutDropType,R_O
CalloutFormat,Gap,Gap,Single,V
CalloutFormat,Length,Length,Single,R_O
CalloutFormat,Type,Type,MsoCalloutType,V
CanvasShapes,Application,Application,Object,R_O
CanvasShapes,Creator,Creator,Long,R_O
CanvasShapes,Parent,Parent,Object,R_O
CanvasShapes,Count,Count,Long,R_O
CanvasShapes,_NewEnum,_New Enum,IUnknown,R_O
CanvasShapes,Background,Background,Shape,R_O
CategoryCollection,Parent,Parent,Object,R_O
CategoryCollection,Count,Count,Long,R_O
CategoryCollection,Application,Application,Application,R_O
CategoryCollection,Creator,Creator,Long,R_O
Cell,Application,Application,Application,R_O
Cell,Parent,Parent,Object,R_O
Cell,Shape,Shape,Shape,R_O
Cell,Borders,Borders,Borders,R_O
Cell,Selected,Selected,Boolean,R_O
CellRange,Count,Count,Long,R_O
CellRange,Application,Application,Application,R_O
CellRange,Parent,Parent,Object,R_O
CellRange,Borders,Borders,Borders,R_O
Chart,Parent,Parent,Object,R_O
Chart,ChartType,Chart Type,XlChartType,V
Chart,HasDataTable,Has Data Table,Boolean,V
Chart,PlotBy,Plot By,XlRowCol,V
Chart,DataTable,Data Table,DataTable,R_O
Chart,BarShape,Bar Shape,XlBarShape,V
Chart,SideWall,Side Wall,Walls,R_O
Chart,BackWall,Back Wall,Walls,R_O
Chart,ChartStyle,Chart Style,Variant,V
Chart,ShowDataLabelsOverMaximum,Show Data Labels Over Maximum,Boolean,V
Chart,ChartData,Chart Data,ChartData,R_O
Chart,Shapes,Shapes,Shapes,R_O
Chart,Creator,Creator,Long,R_O
Chart,Application,Application,Application,R_O
Chart,AutoScaling,Auto Scaling,Boolean,V
Chart,ChartArea,Chart Area,ChartArea,R_O
Chart,ChartTitle,Chart Title,ChartTitle,R_O
Chart,DepthPercent,Depth Percent,Long,V
Chart,DisplayBlanksAs,Display Blanks As,XlDisplayBlanksAs,V
Chart,Elevation,Elevation,Long,V
Chart,Floor,Floor,Floor,R_O
Chart,GapDepth,Gap Depth,Long,V
Chart,HasAxis,Has Axis,Variant,V
Chart,HasLegend,Has Legend,Boolean,V
Chart,HasTitle,Has Title,Boolean,V
Chart,HeightPercent,Height Percent,Long,V
Chart,Legend,Legend,Legend,R_O
Chart,Name,Name,String,V
Chart,Perspective,Perspective,Long,V
Chart,PlotArea,Plot Area,PlotArea,R_O
Chart,PlotVisibleOnly,Plot Visible Only,Boolean,V
Chart,RightAngleAxes,Right Angle Axes,Variant,V
Chart,Rotation,Rotation,Variant,V
Chart,Walls,Walls,Walls,R_O
Chart,Format,Format,ChartFormat,R_O
Chart,ShowReportFilterFieldButtons,Show Report Filter Field Buttons,Boolean,V
Chart,ShowLegendFieldButtons,Show Legend Field Buttons,Boolean,V
Chart,ShowAxisFieldButtons,Show Axis Field Buttons,Boolean,V
Chart,ShowValueFieldButtons,Show Value Field Buttons,Boolean,V
Chart,ShowAllFieldButtons,Show All Field Buttons,Boolean,V
Chart,AlternativeText,Alternative Text,String,V
Chart,Title,Title,String,V
Chart,CategoryLabelLevel,Category Label Level,XlCategoryLabelLevel,V
Chart,SeriesNameLevel,Series Name Level,XlSeriesNameLevel,V
Chart,ChartColor,Chart Color,Variant,V
ChartArea,Name,Name,String,R_O
ChartArea,Parent,Parent,Object,R_O
ChartArea,Shadow,Shadow,Boolean,V
ChartArea,Height,Height,Double,V
ChartArea,Left,Left,Double,V
ChartArea,Top,Top,Double,V
ChartArea,Width,Width,Double,V
ChartArea,Format,Format,ChartFormat,R_O
ChartArea,Creator,Creator,Long,R_O
ChartArea,Application,Application,Application,R_O
ChartBorder,Color,Color,Variant,V
ChartBorder,ColorIndex,Color Index,Variant,V
ChartBorder,LineStyle,Line Style,Variant,V
ChartBorder,Weight,Weight,Variant,V
ChartBorder,Creator,Creator,Long,R_O
ChartBorder,Parent,Parent,Object,R_O
ChartBorder,Application,Application,Application,R_O
ChartCategory,Parent,Parent,Object,R_O
ChartCategory,Name,Name,String,R_O
ChartCategory,IsFiltered,Is Filtered,Boolean,V
ChartCharacters,Parent,Parent,Object,R_O
ChartCharacters,Caption,Caption,String,V
ChartCharacters,Count,Count,Long,R_O
ChartCharacters,Font,Font,ChartFont,R_O
ChartCharacters,Text,Text,String,V
ChartCharacters,PhoneticCharacters,Phonetic Characters,String,V
ChartCharacters,Creator,Creator,Long,R_O
ChartCharacters,Application,Application,Application,R_O
ChartColorFormat,Parent,Parent,Object,R_O
ChartColorFormat,SchemeColor,Scheme Color,Long,V
ChartColorFormat,_Default,_Default,Long,R_O
ChartColorFormat,Type,Type,Long,R_O
ChartColorFormat,Creator,Creator,Long,R_O
ChartColorFormat,Application,Application,Application,R_O
ChartColorFormat,RGB,RGB,Long,R_O
ChartData,Workbook,Workbook,Object,R_O
ChartData,IsLinked,Is Linked,Boolean,R_O
ChartFillFormat,BackColor,Back Color,ChartColorFormat,R_O
ChartFillFormat,ForeColor,Fore Color,ChartColorFormat,R_O
ChartFillFormat,GradientDegree,Gradient Degree,Single,R_O
ChartFillFormat,TextureName,Texture Name,String,R_O
ChartFillFormat,Creator,Creator,Long,R_O
ChartFillFormat,Parent,Parent,Object,R_O
ChartFillFormat,Application,Application,Application,R_O
ChartFillFormat,GradientColorType,Gradient Color Type,MsoGradientColorType,R_O
ChartFillFormat,GradientStyle,Gradient Style,MsoGradientStyle,R_O
ChartFillFormat,GradientVariant,Gradient Variant,Long,R_O
ChartFillFormat,Pattern,Pattern,MsoPatternType,R_O
ChartFillFormat,PresetGradientType,Preset Gradient Type,MsoPresetGradientType,R_O
ChartFillFormat,PresetTexture,Preset Texture,MsoPresetTexture,R_O
ChartFillFormat,TextureType,Texture Type,MsoTextureType,R_O
ChartFillFormat,Type,Type,MsoFillType,R_O
ChartFillFormat,Visible,Visible,MsoTriState,V
ChartFont,Background,Background,Variant,V
ChartFont,Bold,Bold,Variant,V
ChartFont,Color,Color,Variant,V
ChartFont,ColorIndex,Color Index,Variant,V
ChartFont,FontStyle,Font Style,Variant,V
ChartFont,Italic,Italic,Variant,V
ChartFont,Name,Name,Variant,V
ChartFont,Size,Size,Variant,V
ChartFont,Strikethrough,Strikethrough,Variant,V
ChartFont,Subscript,Subscript,Variant,V
ChartFont,Superscript,Superscript,Variant,V
ChartFont,Underline,Underline,Variant,V
ChartFont,Creator,Creator,Long,R_O
ChartFont,Parent,Parent,Object,R_O
ChartFont,Application,Application,Application,R_O
ChartFormat,Fill,Fill,FillFormat,R_O
ChartFormat,Glow,Glow,GlowFormat,R_O
ChartFormat,Line,Line,LineFormat,R_O
ChartFormat,Parent,Parent,Object,R_O
ChartFormat,PictureFormat,Picture Format,PictureFormat,R_O
ChartFormat,Shadow,Shadow,ShadowFormat,R_O
ChartFormat,SoftEdge,Soft Edge,SoftEdgeFormat,R_O
ChartFormat,TextFrame2,Text Frame2,TextFrame2,R_O
ChartFormat,ThreeD,Three D,ThreeDFormat,R_O
ChartFormat,Creator,Creator,Long,R_O
ChartFormat,Application,Application,Application,R_O
ChartFormat,Adjustments,Adjustments,Adjustments,R_O
ChartFormat,AutoShapeType,Auto Shape Type,MsoAutoShapeType,V
ChartGroup,DownBars,Down Bars,DownBars,R_O
ChartGroup,DropLines,Drop Lines,DropLines,R_O
ChartGroup,HasDropLines,Has Drop Lines,Boolean,V
ChartGroup,HasHiLoLines,Has Hi Lo Lines,Boolean,V
ChartGroup,HasRadarAxisLabels,Has Radar Axis Labels,Boolean,V
ChartGroup,HasSeriesLines,Has Series Lines,Boolean,V
ChartGroup,HasUpDownBars,Has Up Down Bars,Boolean,V
ChartGroup,HiLoLines,Hi Lo Lines,HiLoLines,R_O
ChartGroup,SeriesLines,Series Lines,SeriesLines,R_O
ChartGroup,UpBars,Up Bars,UpBars,R_O
ChartGroup,VaryByCategories,Vary By Categories,Boolean,V
ChartGroup,SizeRepresents,Size Represents,XlSizeRepresents,V
ChartGroup,ShowNegativeBubbles,Show Negative Bubbles,Boolean,V
ChartGroup,SplitType,Split Type,XlChartSplitType,V
ChartGroup,SplitValue,Split Value,Variant,V
ChartGroup,Has3DShading,Has3 D Shading,Boolean,V
ChartGroup,Creator,Creator,Long,R_O
ChartGroup,Parent,Parent,Object,R_O
ChartGroup,Application,Application,Application,R_O
ChartGroup,AxisGroup,Axis Group,XlAxisGroup,V
ChartGroup,BubbleScale,Bubble Scale,Long,V
ChartGroup,DoughnutHoleSize,Doughnut Hole Size,Long,V
ChartGroup,FirstSliceAngle,First Slice Angle,Long,V
ChartGroup,GapWidth,Gap Width,Long,V
ChartGroup,Index,Index,Long,R_O
ChartGroup,Overlap,Overlap,Long,V
ChartGroup,RadarAxisLabels,Radar Axis Labels,TickLabels,R_O
ChartGroup,SecondPlotSize,Second Plot Size,Long,V
ChartGroup,BinsType,Bins Type,XlBinsType,V
ChartGroup,BinWidthValue,Bin Width Value,Double,V
ChartGroup,BinsCountValue,Bins Count Value,Long,V
ChartGroup,BinsOverflowEnabled,Bins Overflow Enabled,Boolean,V
ChartGroup,BinsOverflowValue,Bins Overflow Value,Double,V
ChartGroup,BinsUnderflowEnabled,Bins Underflow Enabled,Boolean,V
ChartGroup,BinsUnderflowValue,Bins Underflow Value,Double,V
ChartGroups,Parent,Parent,Object,R_O
ChartGroups,Count,Count,Long,R_O
ChartGroups,Creator,Creator,Long,R_O
ChartGroups,Application,Application,Application,R_O
ChartTitle,Caption,Caption,String,V
ChartTitle,Characters,Characters,ChartCharacters,R_O
ChartTitle,HorizontalAlignment,Horizontal Alignment,Variant,V
ChartTitle,Left,Left,Double,V
ChartTitle,Orientation,Orientation,Variant,V
ChartTitle,Shadow,Shadow,Boolean,V
ChartTitle,Text,Text,String,V
ChartTitle,Top,Top,Double,V
ChartTitle,VerticalAlignment,Vertical Alignment,Variant,V
ChartTitle,Name,Name,String,R_O
ChartTitle,Parent,Parent,Object,R_O
ChartTitle,IncludeInLayout,Include In Layout,Boolean,V
ChartTitle,Position,Position,XlChartElementPosition,V
ChartTitle,Format,Format,ChartFormat,R_O
ChartTitle,Creator,Creator,Long,R_O
ChartTitle,Application,Application,Application,R_O
ChartTitle,ReadingOrder,Reading Order,Long,V
ChartTitle,Height,Height,Double,R_O
ChartTitle,Width,Width,Double,R_O
ChartTitle,Formula,Formula,String,V
ChartTitle,FormulaR1C1,Formula R1 C1,String,V
ChartTitle,FormulaLocal,Formula Local,String,V
ChartTitle,FormulaR1C1Local,Formula R1 C1 Local,String,V
Coauthoring,Application,Application,Application,R_O
Coauthoring,Parent,Parent,Object,R_O
Coauthoring,MergeMode,Merge Mode,Boolean,R_O
Coauthoring,FavorServerEditsDuringMerge,Favor Server Edits During Merge,Boolean,V
Coauthoring,PendingUpdates,Pending Updates,Boolean,R_O
Collection,Count,Count,Long,R_O
ColorEffect,Application,Application,Application,R_O
ColorEffect,Parent,Parent,Object,R_O
ColorEffect,By,By,ColorFormat,R_O
ColorEffect,From,From,ColorFormat,R_O
ColorEffect,To,To,ColorFormat,R_O
ColorFormat,Application,Application,Object,R_O
ColorFormat,Creator,Creator,Long,R_O
ColorFormat,Parent,Parent,Object,R_O
ColorFormat,RGB,RGB,MsoRGBType,V
ColorFormat,Type,Type,MsoColorType,R_O
ColorFormat,SchemeColor,Scheme Color,PpColorSchemeIndex,V
ColorFormat,TintAndShade,Tint And Shade,Single,V
ColorFormat,ObjectThemeColor,Object Theme Color,MsoThemeColorIndex,V
ColorFormat,Brightness,Brightness,Single,V
ColorScheme,Count,Count,Long,R_O
ColorScheme,Application,Application,Application,R_O
ColorScheme,Parent,Parent,Object,R_O
ColorSchemes,Count,Count,Long,R_O
ColorSchemes,Application,Application,Application,R_O
ColorSchemes,Parent,Parent,Object,R_O
Column,Application,Application,Application,R_O
Column,Parent,Parent,Object,R_O
Column,Cells,Cells,CellRange,R_O
Column,Width,Width,Single,V
Columns,Count,Count,Long,R_O
Columns,Application,Application,Application,R_O
Columns,Parent,Parent,Object,R_O
CommandEffect,Application,Application,Application,R_O
CommandEffect,Parent,Parent,Object,R_O
CommandEffect,Type,Type,MsoAnimCommandType,V
CommandEffect,Command,Command,String,V
CommandEffect,bookmark,bookmark,String,V
Comment,Application,Application,Application,R_O
Comment,Parent,Parent,Object,R_O
Comment,Author,Author,String,R_O
Comment,AuthorInitials,Author Initials,String,R_O
Comment,Text,Text,String,R_O
Comment,DateTime,Date Time,Date,R_O
Comment,AuthorIndex,Author Index,Long,R_O
Comment,Left,Left,Single,R_O
Comment,Top,Top,Single,R_O
Comment,ProviderID,Provider ID,String,R_O
Comment,UserID,User ID,String,R_O
Comment,TimeZoneBias,Time Zone Bias,Long,R_O
Comment,Replies,Replies,Comments,R_O
Comment,Collapsed,Collapsed,Boolean,R_O
Comments,Count,Count,Long,R_O
Comments,Application,Application,Application,R_O
Comments,Parent,Parent,Object,R_O
ConnectorFormat,Application,Application,Object,R_O
ConnectorFormat,Creator,Creator,Long,R_O
ConnectorFormat,Parent,Parent,Object,R_O
ConnectorFormat,BeginConnected,Begin Connected,MsoTriState,R_O
ConnectorFormat,BeginConnectedShape,Begin Connected Shape,Shape,R_O
ConnectorFormat,BeginConnectionSite,Begin Connection Site,Long,R_O
ConnectorFormat,EndConnected,End Connected,MsoTriState,R_O
ConnectorFormat,EndConnectedShape,End Connected Shape,Shape,R_O
ConnectorFormat,EndConnectionSite,End Connection Site,Long,R_O
ConnectorFormat,Type,Type,MsoConnectorType,V
Corners,Creator,Creator,Long,R_O
Corners,Application,Application,Application,R_O
CustomerData,Count,Count,Long,R_O
CustomerData,Application,Application,Application,R_O
CustomerData,Parent,Parent,Object,R_O
CustomLayout,Application,Application,Application,R_O
CustomLayout,Parent,Parent,Object,R_O
CustomLayout,Shapes,Shapes,Shapes,R_O
CustomLayout,HeadersFooters,Headers Footers,HeadersFooters,R_O
CustomLayout,Background,Background,ShapeRange,R_O
CustomLayout,Name,Name,String,V
CustomLayout,Height,Height,Single,R_O
CustomLayout,Width,Width,Single,R_O
CustomLayout,Hyperlinks,Hyperlinks,Hyperlinks,R_O
CustomLayout,Design,Design,Design,R_O
CustomLayout,TimeLine,Time Line,TimeLine,R_O
CustomLayout,SlideShowTransition,Slide Show Transition,SlideShowTransition,R_O
CustomLayout,MatchingName,Matching Name,String,V
CustomLayout,Preserved,Preserved,MsoTriState,V
CustomLayout,Index,Index,Long,R_O
CustomLayout,DisplayMasterShapes,Display Master Shapes,MsoTriState,V
CustomLayout,FollowMasterBackground,Follow Master Background,MsoTriState,V
CustomLayout,ThemeColorScheme,Theme Color Scheme,ThemeColorScheme,R_O
CustomLayout,CustomerData,Customer Data,CustomerData,R_O
CustomLayout,Guides,Guides,Guides,R_O
CustomLayouts,Count,Count,Long,R_O
CustomLayouts,Application,Application,Application,R_O
CustomLayouts,Parent,Parent,Object,R_O
DataLabel,Parent,Parent,Object,R_O
DataLabel,Name,Name,String,R_O
DataLabel,Caption,Caption,String,V
DataLabel,Characters,Characters,ChartCharacters,R_O
DataLabel,HorizontalAlignment,Horizontal Alignment,Variant,V
DataLabel,Left,Left,Double,V
DataLabel,Orientation,Orientation,Variant,V
DataLabel,Shadow,Shadow,Boolean,V
DataLabel,Text,Text,String,V
DataLabel,Top,Top,Double,V
DataLabel,VerticalAlignment,Vertical Alignment,Variant,V
DataLabel,ReadingOrder,Reading Order,Long,V
DataLabel,AutoText,Auto Text,Boolean,V
DataLabel,NumberFormat,Number Format,String,V
DataLabel,NumberFormatLinked,Number Format Linked,Boolean,V
DataLabel,NumberFormatLocal,Number Format Local,Variant,V
DataLabel,ShowLegendKey,Show Legend Key,Boolean,V
DataLabel,Position,Position,XlDataLabelPosition,V
DataLabel,ShowSeriesName,Show Series Name,Boolean,V
DataLabel,ShowCategoryName,Show Category Name,Boolean,V
DataLabel,ShowValue,Show Value,Boolean,V
DataLabel,ShowPercentage,Show Percentage,Boolean,V
DataLabel,ShowBubbleSize,Show Bubble Size,Boolean,V
DataLabel,Separator,Separator,Variant,V
DataLabel,Format,Format,ChartFormat,R_O
DataLabel,Creator,Creator,Long,R_O
DataLabel,Application,Application,Application,R_O
DataLabel,Formula,Formula,String,V
DataLabel,FormulaR1C1,Formula R1 C1,String,V
DataLabel,FormulaLocal,Formula Local,String,V
DataLabel,FormulaR1C1Local,Formula R1 C1 Local,String,V
DataLabel,ShowRange,Show Range,Boolean,V
DataLabel,Height,Height,Double,V
DataLabel,Width,Width,Double,V
DataLabels,Parent,Parent,Object,R_O
DataLabels,Name,Name,String,R_O
DataLabels,HorizontalAlignment,Horizontal Alignment,Variant,V
DataLabels,Orientation,Orientation,Variant,V
DataLabels,Shadow,Shadow,Boolean,V
DataLabels,VerticalAlignment,Vertical Alignment,Variant,V
DataLabels,ReadingOrder,Reading Order,Long,V
DataLabels,AutoText,Auto Text,Boolean,V
DataLabels,NumberFormat,Number Format,String,V
DataLabels,NumberFormatLinked,Number Format Linked,Boolean,V
DataLabels,NumberFormatLocal,Number Format Local,Variant,V
DataLabels,ShowLegendKey,Show Legend Key,Boolean,V
DataLabels,Position,Position,XlDataLabelPosition,V
DataLabels,ShowSeriesName,Show Series Name,Boolean,V
DataLabels,ShowCategoryName,Show Category Name,Boolean,V
DataLabels,ShowValue,Show Value,Boolean,V
DataLabels,ShowPercentage,Show Percentage,Boolean,V
DataLabels,ShowBubbleSize,Show Bubble Size,Boolean,V
DataLabels,Separator,Separator,Variant,V
DataLabels,Count,Count,Long,R_O
DataLabels,Format,Format,ChartFormat,R_O
DataLabels,Creator,Creator,Long,R_O
DataLabels,Application,Application,Application,R_O
DataLabels,ShowRange,Show Range,Boolean,V
DataTable,ShowLegendKey,Show Legend Key,Boolean,V
DataTable,HasBorderHorizontal,Has Border Horizontal,Boolean,V
DataTable,HasBorderVertical,Has Border Vertical,Boolean,V
DataTable,HasBorderOutline,Has Border Outline,Boolean,V
DataTable,Border,Border,ChartBorder,R_O
DataTable,Font,Font,ChartFont,R_O
DataTable,Parent,Parent,Object,R_O
DataTable,Format,Format,ChartFormat,R_O
DataTable,Creator,Creator,Long,R_O
DataTable,Application,Application,Application,R_O
DefaultWebOptions,IncludeNavigation,Include Navigation,MsoTriState,V
DefaultWebOptions,FrameColors,Frame Colors,PpFrameColors,V
DefaultWebOptions,ResizeGraphics,Resize Graphics,MsoTriState,V
DefaultWebOptions,ShowSlideAnimation,Show Slide Animation,MsoTriState,V
DefaultWebOptions,OrganizeInFolder,Organize In Folder,MsoTriState,V
DefaultWebOptions,UseLongFileNames,Use Long File Names,MsoTriState,V
DefaultWebOptions,RelyOnVML,Rely On VML,MsoTriState,V
DefaultWebOptions,AllowPNG,Allow PNG,MsoTriState,V
DefaultWebOptions,ScreenSize,Screen Size,MsoScreenSize,V
DefaultWebOptions,Encoding,Encoding,MsoEncoding,V
DefaultWebOptions,UpdateLinksOnSave,Update Links On Save,MsoTriState,V
DefaultWebOptions,CheckIfOfficeIsHTMLEditor,Check If Office Is HTML Editor,MsoTriState,V
DefaultWebOptions,AlwaysSaveInDefaultEncoding,Always Save In Default Encoding,MsoTriState,V
DefaultWebOptions,Fonts,Fonts,WebPageFonts,R_O
DefaultWebOptions,FolderSuffix,Folder Suffix,String,R_O
DefaultWebOptions,TargetBrowser,Target Browser,MsoTargetBrowser,V
DefaultWebOptions,SaveNewWebPagesAsWebArchives,Save New Web Pages As Web Archives,MsoTriState,V
DefaultWebOptions,HTMLVersion,HTML Version,PpHTMLVersion,V
Design,Application,Application,Application,R_O
Design,Parent,Parent,Object,R_O
Design,SlideMaster,Slide Master,_Master,R_O
Design,Index,Index,Long,R_O
Design,Name,Name,String,V
Design,Preserved,Preserved,MsoTriState,V
Designs,Count,Count,Long,R_O
Designs,Application,Application,Application,R_O
Designs,Parent,Parent,Object,R_O
Diagram,Application,Application,Object,R_O
Diagram,Creator,Creator,Long,R_O
Diagram,Parent,Parent,Object,R_O
Diagram,Nodes,Nodes,DiagramNodes,R_O
Diagram,Type,Type,MsoDiagramType,R_O
Diagram,AutoLayout,Auto Layout,MsoTriState,V
Diagram,Reverse,Reverse,MsoTriState,V
Diagram,AutoFormat,Auto Format,MsoTriState,V
DiagramNode,Application,Application,Object,R_O
DiagramNode,Creator,Creator,Long,R_O
DiagramNode,Parent,Parent,Object,R_O
DiagramNode,Children,Children,DiagramNodeChildren,R_O
DiagramNode,Shape,Shape,Shape,R_O
DiagramNode,Root,Root,DiagramNode,R_O
DiagramNode,Diagram,Diagram,Diagram,R_O
DiagramNode,Layout,Layout,MsoOrgChartLayoutType,V
DiagramNode,TextShape,Text Shape,Shape,R_O
DiagramNodeChildren,Application,Application,Object,R_O
DiagramNodeChildren,Creator,Creator,Long,R_O
DiagramNodeChildren,_NewEnum,_New Enum,IUnknown,R_O
DiagramNodeChildren,Parent,Parent,Object,R_O
DiagramNodeChildren,Count,Count,Long,R_O
DiagramNodeChildren,FirstChild,First Child,DiagramNode,R_O
DiagramNodeChildren,LastChild,Last Child,DiagramNode,R_O
DiagramNodes,Application,Application,Object,R_O
DiagramNodes,Creator,Creator,Long,R_O
DiagramNodes,_NewEnum,_New Enum,IUnknown,R_O
DiagramNodes,Parent,Parent,Object,R_O
DiagramNodes,Count,Count,Long,R_O
DisplayUnitLabel,Caption,Caption,String,V
DisplayUnitLabel,Characters,Characters,ChartCharacters,R_O
DisplayUnitLabel,HorizontalAlignment,Horizontal Alignment,Variant,V
DisplayUnitLabel,Left,Left,Double,V
DisplayUnitLabel,Orientation,Orientation,Variant,V
DisplayUnitLabel,Shadow,Shadow,Boolean,V
DisplayUnitLabel,Text,Text,String,V
DisplayUnitLabel,Top,Top,Double,V
DisplayUnitLabel,VerticalAlignment,Vertical Alignment,Variant,V
DisplayUnitLabel,Name,Name,String,R_O
DisplayUnitLabel,Parent,Parent,Object,R_O
DisplayUnitLabel,Position,Position,XlChartElementPosition,V
DisplayUnitLabel,Format,Format,ChartFormat,R_O
DisplayUnitLabel,Creator,Creator,Long,R_O
DisplayUnitLabel,Application,Application,Application,R_O
DisplayUnitLabel,ReadingOrder,Reading Order,Long,V
DisplayUnitLabel,Height,Height,Double,R_O
DisplayUnitLabel,Width,Width,Double,R_O
DisplayUnitLabel,Formula,Formula,String,V
DisplayUnitLabel,FormulaR1C1,Formula R1 C1,String,V
DisplayUnitLabel,FormulaLocal,Formula Local,String,V
DisplayUnitLabel,FormulaR1C1Local,Formula R1 C1 Local,String,V
DocumentWindow,Application,Application,Application,R_O
DocumentWindow,Parent,Parent,Object,R_O
DocumentWindow,Selection,Selection,Selection,R_O
DocumentWindow,View,View,View,R_O
DocumentWindow,Presentation,Presentation,Presentation,R_O
DocumentWindow,ViewType,View Type,PpViewType,V
DocumentWindow,BlackAndWhite,Black And White,MsoTriState,V
DocumentWindow,Active,Active,MsoTriState,R_O
DocumentWindow,WindowState,Window State,PpWindowState,V
DocumentWindow,Caption,Caption,String,R_O
DocumentWindow,Left,Left,Single,V
DocumentWindow,Top,Top,Single,V
DocumentWindow,Width,Width,Single,V
DocumentWindow,Height,Height,Single,V
DocumentWindow,ActivePane,Active Pane,Pane,R_O
DocumentWindow,Panes,Panes,Panes,R_O
DocumentWindow,SplitVertical,Split Vertical,Long,V
DocumentWindow,SplitHorizontal,Split Horizontal,Long,V
DocumentWindows,Count,Count,Long,R_O
DocumentWindows,Application,Application,Application,R_O
DocumentWindows,Parent,Parent,Object,R_O
DownBars,Name,Name,String,R_O
DownBars,Parent,Parent,Object,R_O
DownBars,Format,Format,ChartFormat,R_O
DownBars,Creator,Creator,Long,R_O
DownBars,Application,Application,Application,R_O
DropLines,Name,Name,String,R_O
DropLines,Parent,Parent,Object,R_O
DropLines,Border,Border,ChartBorder,R_O
DropLines,Format,Format,ChartFormat,R_O
DropLines,Creator,Creator,Long,R_O
DropLines,Application,Application,Application,R_O
Effect,Application,Application,Application,R_O
Effect,Parent,Parent,Object,R_O
Effect,Shape,Shape,Shape,V
Effect,Index,Index,Long,R_O
Effect,Timing,Timing,Timing,R_O
Effect,EffectType,Effect Type,MsoAnimEffect,V
Effect,EffectParameters,Effect Parameters,EffectParameters,R_O
Effect,TextRangeStart,Text Range Start,Long,R_O
Effect,TextRangeLength,Text Range Length,Long,R_O
Effect,Paragraph,Paragraph,Long,V
Effect,DisplayName,Display Name,String,R_O
Effect,Exit,Exit,MsoTriState,V
Effect,Behaviors,Behaviors,AnimationBehaviors,R_O
Effect,EffectInformation,Effect Information,EffectInformation,R_O
EffectInformation,Application,Application,Application,R_O
EffectInformation,Parent,Parent,Object,R_O
EffectInformation,AfterEffect,After Effect,MsoAnimAfterEffect,R_O
EffectInformation,AnimateBackground,Animate Background,MsoTriState,R_O
EffectInformation,AnimateTextInReverse,Animate Text In Reverse,MsoTriState,R_O
EffectInformation,BuildByLevelEffect,Build By Level Effect,MsoAnimateByLevel,R_O
EffectInformation,Dim,Dim,ColorFormat,R_O
EffectInformation,PlaySettings,Play Settings,PlaySettings,R_O
EffectInformation,SoundEffect,Sound Effect,SoundEffect,R_O
EffectInformation,TextUnitEffect,Text Unit Effect,MsoAnimTextUnitEffect,R_O
EffectParameters,Application,Application,Application,R_O
EffectParameters,Parent,Parent,Object,R_O
EffectParameters,Direction,Direction,MsoAnimDirection,V
EffectParameters,Amount,Amount,Single,V
EffectParameters,Size,Size,Single,V
EffectParameters,Color2,Color2,ColorFormat,R_O
EffectParameters,Relative,Relative,MsoTriState,V
EffectParameters,FontName,Font Name,String,V
ErrorBars,Parent,Parent,Object,R_O
ErrorBars,Name,Name,String,R_O
ErrorBars,Border,Border,ChartBorder,R_O
ErrorBars,EndStyle,End Style,XlEndStyleCap,V
ErrorBars,Format,Format,ChartFormat,R_O
ErrorBars,Creator,Creator,Long,R_O
ErrorBars,Application,Application,Application,R_O
ExtraColors,Count,Count,Long,R_O
ExtraColors,Application,Application,Application,R_O
ExtraColors,Parent,Parent,Object,R_O
FileConverter,Application,Application,Application,R_O
FileConverter,CanOpen,Can Open,Boolean,R_O
FileConverter,CanSave,Can Save,Boolean,R_O
FileConverter,ClassName,Class Name,String,R_O
FileConverter,Creator,Creator,FileConverters,R_O
FileConverter,Extensions,Extensions,String,R_O
FileConverter,FormatName,Format Name,String,R_O
FileConverter,Name,Name,String,R_O
FileConverter,Parent,Parent,FileConverters,R_O
FileConverter,Path,Path,String,R_O
FileConverter,OpenFormat,Open Format,Long,R_O
FileConverter,SaveFormat,Save Format,Long,R_O
FileConverters,Count,Count,Long,R_O
FillFormat,Application,Application,Object,R_O
FillFormat,Creator,Creator,Long,R_O
FillFormat,Parent,Parent,Object,R_O
FillFormat,BackColor,Back Color,ColorFormat,V
FillFormat,ForeColor,Fore Color,ColorFormat,V
FillFormat,GradientColorType,Gradient Color Type,MsoGradientColorType,R_O
FillFormat,GradientDegree,Gradient Degree,Single,R_O
FillFormat,GradientStyle,Gradient Style,MsoGradientStyle,R_O
FillFormat,GradientVariant,Gradient Variant,Long,R_O
FillFormat,Pattern,Pattern,MsoPatternType,R_O
FillFormat,PresetGradientType,Preset Gradient Type,MsoPresetGradientType,R_O
FillFormat,PresetTexture,Preset Texture,MsoPresetTexture,R_O
FillFormat,TextureName,Texture Name,String,R_O
FillFormat,TextureType,Texture Type,MsoTextureType,R_O
FillFormat,Transparency,Transparency,Single,V
FillFormat,Type,Type,MsoFillType,R_O
FillFormat,Visible,Visible,MsoTriState,V
FillFormat,GradientStops,Gradient Stops,GradientStops,R_O
FillFormat,TextureOffsetX,Texture Offset X,Single,V
FillFormat,TextureOffsetY,Texture Offset Y,Single,V
FillFormat,TextureAlignment,Texture Alignment,MsoTextureAlignment,V
FillFormat,TextureHorizontalScale,Texture Horizontal Scale,Single,V
FillFormat,TextureVerticalScale,Texture Vertical Scale,Single,V
FillFormat,TextureTile,Texture Tile,MsoTriState,V
FillFormat,RotateWithObject,Rotate With Object,MsoTriState,V
FillFormat,PictureEffects,Picture Effects,PictureEffects,R_O
FillFormat,GradientAngle,Gradient Angle,Single,V
FilterEffect,Application,Application,Application,R_O
FilterEffect,Parent,Parent,Object,R_O
FilterEffect,Type,Type,MsoAnimFilterEffectType,V
FilterEffect,Subtype,Subtype,MsoAnimFilterEffectSubtype,V
FilterEffect,Reveal,Reveal,MsoTriState,V
Floor,Name,Name,String,R_O
Floor,Parent,Parent,Object,R_O
Floor,PictureType,Picture Type,Variant,V
Floor,Thickness,Thickness,Long,V
Floor,Format,Format,ChartFormat,R_O
Floor,Creator,Creator,Long,R_O
Floor,Application,Application,Application,R_O
Font,Application,Application,Application,R_O
Font,Parent,Parent,Object,R_O
Font,Color,Color,ColorFormat,R_O
Font,Bold,Bold,MsoTriState,V
Font,Italic,Italic,MsoTriState,V
Font,Shadow,Shadow,MsoTriState,V
Font,Emboss,Emboss,MsoTriState,V
Font,Underline,Underline,MsoTriState,V
Font,Subscript,Subscript,MsoTriState,V
Font,Superscript,Superscript,MsoTriState,V
Font,BaselineOffset,Baseline Offset,Single,V
Font,Embedded,Embedded,MsoTriState,R_O
Font,Embeddable,Embeddable,MsoTriState,R_O
Font,Size,Size,Single,V
Font,Name,Name,String,V
Font,NameFarEast,Name Far East,String,V
Font,NameAscii,Name Ascii,String,V
Font,AutoRotateNumbers,Auto Rotate Numbers,MsoTriState,V
Font,NameOther,Name Other,String,V
Font,NameComplexScript,Name Complex Script,String,V
Fonts,Count,Count,Long,R_O
Fonts,Application,Application,Application,R_O
Fonts,Parent,Parent,Object,R_O
FreeformBuilder,Application,Application,Object,R_O
FreeformBuilder,Creator,Creator,Long,R_O
FreeformBuilder,Parent,Parent,Object,R_O
FullSeriesCollection,Parent,Parent,Object,R_O
FullSeriesCollection,Count,Count,Long,R_O
FullSeriesCollection,Application,Application,Application,R_O
FullSeriesCollection,Creator,Creator,Long,R_O
Global,ActivePresentation,Active Presentation,Presentation,R_O
Global,ActiveWindow,Active Window,DocumentWindow,R_O
Global,AddIns,Add Ins,AddIns,R_O
Global,Application,Application,Application,R_O
Global,Presentations,Presentations,Presentations,R_O
Global,SlideShowWindows,Slide Show Windows,SlideShowWindows,R_O
Global,Windows,Windows,DocumentWindows,R_O
Global,CommandBars,Command Bars,CommandBars,R_O
Global,FileConverters,File Converters,FileConverters,R_O
Global,ProtectedViewWindows,Protected View Windows,ProtectedViewWindows,R_O
Global,ActiveProtectedViewWindow,Active Protected View Window,ProtectedViewWindow,R_O
Global,IsSandboxed,Is Sandboxed,Boolean,R_O
Gridlines,Name,Name,String,R_O
Gridlines,Parent,Parent,Object,R_O
Gridlines,Border,Border,ChartBorder,R_O
Gridlines,Format,Format,ChartFormat,R_O
Gridlines,Creator,Creator,Long,R_O
Gridlines,Application,Application,Application,R_O
GroupShapes,Application,Application,Object,R_O
GroupShapes,Creator,Creator,Long,R_O
GroupShapes,Parent,Parent,Object,R_O
GroupShapes,Count,Count,Long,R_O
GroupShapes,_NewEnum,_New Enum,IUnknown,R_O
Guide,Application,Application,Application,R_O
Guide,Parent,Parent,Object,R_O
Guide,Orientation,Orientation,PpGuideOrientation,R_O
Guide,Position,Position,Single,V
Guide,Color,Color,ColorFormat,R_O
Guides,Count,Count,Long,R_O
Guides,Application,Application,Application,R_O
Guides,Parent,Parent,Object,R_O
HeaderFooter,Application,Application,Application,R_O
HeaderFooter,Parent,Parent,Object,R_O
HeaderFooter,Visible,Visible,MsoTriState,V
HeaderFooter,Text,Text,String,V
HeaderFooter,UseFormat,Use Format,MsoTriState,V
HeaderFooter,Format,Format,PpDateTimeFormat,V
HeadersFooters,Application,Application,Application,R_O
HeadersFooters,Parent,Parent,Object,R_O
HeadersFooters,DateAndTime,Date And Time,HeaderFooter,R_O
HeadersFooters,SlideNumber,Slide Number,HeaderFooter,R_O
HeadersFooters,Header,Header,HeaderFooter,R_O
HeadersFooters,Footer,Footer,HeaderFooter,R_O
HeadersFooters,DisplayOnTitleSlide,Display On Title Slide,MsoTriState,V
HiLoLines,Parent,Parent,Object,R_O
HiLoLines,Name,Name,String,R_O
HiLoLines,Border,Border,ChartBorder,R_O
HiLoLines,Format,Format,ChartFormat,R_O
HiLoLines,Creator,Creator,Long,R_O
HiLoLines,Application,Application,Application,R_O
Hyperlink,Application,Application,Application,R_O
Hyperlink,Parent,Parent,Object,R_O
Hyperlink,Type,Type,MsoHyperlinkType,R_O
Hyperlink,Address,Address,String,V
Hyperlink,SubAddress,Sub Address,String,V
Hyperlink,EmailSubject,Email Subject,String,V
Hyperlink,ScreenTip,Screen Tip,String,V
Hyperlink,TextToDisplay,Text To Display,String,V
Hyperlink,ShowAndReturn,Show And Return,MsoTriState,V
Hyperlinks,Count,Count,Long,R_O
Hyperlinks,Application,Application,Application,R_O
Hyperlinks,Parent,Parent,Object,R_O
Interior,Color,Color,Variant,V
Interior,ColorIndex,Color Index,Variant,V
Interior,InvertIfNegative,Invert If Negative,Variant,V
Interior,Pattern,Pattern,Variant,V
Interior,PatternColor,Pattern Color,Variant,V
Interior,PatternColorIndex,Pattern Color Index,Variant,V
Interior,Creator,Creator,Long,R_O
Interior,Parent,Parent,Object,R_O
Interior,Application,Application,Application,R_O
LeaderLines,Border,Border,ChartBorder,R_O
LeaderLines,Format,Format,ChartFormat,R_O
LeaderLines,Creator,Creator,Long,R_O
LeaderLines,Parent,Parent,Object,R_O
LeaderLines,Application,Application,Application,R_O
Legend,Parent,Parent,Object,R_O
Legend,Name,Name,String,R_O
Legend,Position,Position,XlLegendPosition,V
Legend,Shadow,Shadow,Boolean,V
Legend,Height,Height,Double,V
Legend,Left,Left,Double,V
Legend,Top,Top,Double,V
Legend,Width,Width,Double,V
Legend,IncludeInLayout,Include In Layout,Boolean,V
Legend,Format,Format,ChartFormat,R_O
Legend,Creator,Creator,Long,R_O
Legend,Application,Application,Application,R_O
LegendEntries,Parent,Parent,Object,R_O
LegendEntries,Count,Count,Long,R_O
LegendEntries,Creator,Creator,Long,R_O
LegendEntries,Application,Application,Application,R_O
LegendEntry,Parent,Parent,Object,R_O
LegendEntry,Font,Font,ChartFont,R_O
LegendEntry,Index,Index,Long,R_O
LegendEntry,LegendKey,Legend Key,LegendKey,R_O
LegendEntry,Left,Left,Double,R_O
LegendEntry,Top,Top,Double,R_O
LegendEntry,Width,Width,Double,R_O
LegendEntry,Height,Height,Double,R_O
LegendEntry,Format,Format,ChartFormat,R_O
LegendEntry,Creator,Creator,Long,R_O
LegendEntry,Application,Application,Application,R_O
LegendKey,Parent,Parent,Object,R_O
LegendKey,InvertIfNegative,Invert If Negative,Boolean,V
LegendKey,MarkerBackgroundColor,Marker Background Color,Long,V
LegendKey,MarkerBackgroundColorIndex,Marker Background Color Index,XlColorIndex,V
LegendKey,MarkerForegroundColor,Marker Foreground Color,Long,V
LegendKey,MarkerForegroundColorIndex,Marker Foreground Color Index,XlColorIndex,V
LegendKey,MarkerSize,Marker Size,Long,V
LegendKey,MarkerStyle,Marker Style,XlMarkerStyle,V
LegendKey,PictureType,Picture Type,Long,V
LegendKey,Smooth,Smooth,Boolean,V
LegendKey,Left,Left,Double,R_O
LegendKey,Top,Top,Double,R_O
LegendKey,Width,Width,Double,R_O
LegendKey,Height,Height,Double,R_O
LegendKey,Shadow,Shadow,Boolean,V
LegendKey,Format,Format,ChartFormat,R_O
LegendKey,Creator,Creator,Long,R_O
LegendKey,PictureUnit2,Picture Unit2,Double,V
LegendKey,Application,Application,Application,R_O
LineFormat,Application,Application,Object,R_O
LineFormat,Creator,Creator,Long,R_O
LineFormat,Parent,Parent,Object,R_O
LineFormat,BackColor,Back Color,ColorFormat,V
LineFormat,BeginArrowheadLength,Begin Arrowhead Length,MsoArrowheadLength,V
LineFormat,BeginArrowheadStyle,Begin Arrowhead Style,MsoArrowheadStyle,V
LineFormat,BeginArrowheadWidth,Begin Arrowhead Width,MsoArrowheadWidth,V
LineFormat,DashStyle,Dash Style,MsoLineDashStyle,V
LineFormat,EndArrowheadLength,End Arrowhead Length,MsoArrowheadLength,V
LineFormat,EndArrowheadStyle,End Arrowhead Style,MsoArrowheadStyle,V
LineFormat,EndArrowheadWidth,End Arrowhead Width,MsoArrowheadWidth,V
LineFormat,ForeColor,Fore Color,ColorFormat,V
LineFormat,Pattern,Pattern,MsoPatternType,V
LineFormat,Style,Style,MsoLineStyle,V
LineFormat,Transparency,Transparency,Single,V
LineFormat,Visible,Visible,MsoTriState,V
LineFormat,Weight,Weight,Single,V
LineFormat,InsetPen,Inset Pen,MsoTriState,V
LinkFormat,Application,Application,Application,R_O
LinkFormat,Parent,Parent,Object,R_O
LinkFormat,SourceFullName,Source Full Name,String,V
LinkFormat,AutoUpdate,Auto Update,PpUpdateOption,V
Master,Application,Application,Application,R_O
Master,Parent,Parent,Object,R_O
Master,Shapes,Shapes,Shapes,R_O
Master,HeadersFooters,Headers Footers,HeadersFooters,R_O
Master,ColorScheme,Color Scheme,ColorScheme,V
Master,Background,Background,ShapeRange,R_O
Master,Name,Name,String,V
Master,Height,Height,Single,R_O
Master,Width,Width,Single,R_O
Master,TextStyles,Text Styles,TextStyles,R_O
Master,Hyperlinks,Hyperlinks,Hyperlinks,R_O
Master,Design,Design,Design,R_O
Master,TimeLine,Time Line,TimeLine,R_O
Master,SlideShowTransition,Slide Show Transition,SlideShowTransition,R_O
Master,CustomLayouts,Custom Layouts,CustomLayouts,R_O
Master,Theme,Theme,OfficeTheme,R_O
Master,BackgroundStyle,Background Style,MsoBackgroundStyleIndex,V
Master,CustomerData,Customer Data,CustomerData,R_O
Master,Guides,Guides,Guides,R_O
MediaBookmark,Index,Index,Long,R_O
MediaBookmark,Name,Name,String,R_O
MediaBookmark,Position,Position,Long,R_O
MediaBookmarks,Count,Count,Long,R_O
MediaFormat,Application,Application,Application,R_O
MediaFormat,Parent,Parent,Object,R_O
MediaFormat,Volume,Volume,Single,V
MediaFormat,Muted,Muted,Boolean,V
MediaFormat,Length,Length,Long,R_O
MediaFormat,StartPoint,Start Point,Long,V
MediaFormat,EndPoint,End Point,Long,V
MediaFormat,FadeInDuration,Fade In Duration,Long,V
MediaFormat,FadeOutDuration,Fade Out Duration,Long,V
MediaFormat,MediaBookmarks,Media Bookmarks,MediaBookmarks,R_O
MediaFormat,ResamplingStatus,Resampling Status,PpMediaTaskStatus,R_O
MediaFormat,IsLinked,Is Linked,Boolean,R_O
MediaFormat,IsEmbedded,Is Embedded,Boolean,R_O
MediaFormat,AudioSamplingRate,Audio Sampling Rate,Long,R_O
MediaFormat,VideoFrameRate,Video Frame Rate,Long,R_O
MediaFormat,SampleHeight,Sample Height,Long,R_O
MediaFormat,SampleWidth,Sample Width,Long,R_O
MediaFormat,VideoCompressionType,Video Compression Type,String,R_O
MediaFormat,AudioCompressionType,Audio Compression Type,String,R_O
Model3DFormat,Application,Application,Object,R_O
Model3DFormat,Creator,Creator,Long,R_O
Model3DFormat,Parent,Parent,Object,R_O
Model3DFormat,AutoFit,Auto Fit,MsoTriState,V
Model3DFormat,RotationX,Rotation X,Single,V
Model3DFormat,RotationY,Rotation Y,Single,V
Model3DFormat,RotationZ,Rotation Z,Single,V
Model3DFormat,FieldOfView,Field Of View,Single,V
Model3DFormat,CameraPositionX,Camera Position X,Single,V
Model3DFormat,CameraPositionY,Camera Position Y,Single,V
Model3DFormat,CameraPositionZ,Camera Position Z,Single,V
Model3DFormat,LookAtPointX,Look At Point X,Single,V
Model3DFormat,LookAtPointY,Look At Point Y,Single,V
Model3DFormat,LookAtPointZ,Look At Point Z,Single,V
MotionEffect,Application,Application,Application,R_O
MotionEffect,Parent,Parent,Object,R_O
MotionEffect,ByX,By X,Single,V
MotionEffect,ByY,By Y,Single,V
MotionEffect,FromX,From X,Single,V
MotionEffect,FromY,From Y,Single,V
MotionEffect,ToX,To X,Single,V
MotionEffect,ToY,To Y,Single,V
MotionEffect,Path,Path,String,V
NamedSlideShow,Application,Application,Application,R_O
NamedSlideShow,Parent,Parent,Object,R_O
NamedSlideShow,Name,Name,String,R_O
NamedSlideShow,SlideIDs,Slide I Ds,Variant,R_O
NamedSlideShow,Count,Count,Long,R_O
NamedSlideShows,Count,Count,Long,R_O
NamedSlideShows,Application,Application,Application,R_O
NamedSlideShows,Parent,Parent,Object,R_O
ObjectVerbs,Count,Count,Long,R_O
ObjectVerbs,Application,Application,Application,R_O
ObjectVerbs,Parent,Parent,Object,R_O
OCXExtender,Visible,Visible,Boolean,V
OCXExtender,Left,Left,Single,V
OCXExtender,Top,Top,Single,V
OCXExtender,Height,Height,Single,V
OCXExtender,Width,Width,Single,V
OCXExtender,ZOrderPosition,Z Order Position,Long,R_O
OCXExtender,Name,Name,String,V
OLEControl,Visible,Visible,Boolean,V
OLEControl,Left,Left,Single,V
OLEControl,Top,Top,Single,V
OLEControl,Height,Height,Single,V
OLEControl,Width,Width,Single,V
OLEControl,ZOrderPosition,Z Order Position,Long,R_O
OLEControl,Name,Name,String,V
OLEFormat,Application,Application,Application,R_O
OLEFormat,Parent,Parent,Object,R_O
OLEFormat,ObjectVerbs,Object Verbs,ObjectVerbs,R_O
OLEFormat,Object,Object,Object,R_O
OLEFormat,ProgID,Prog ID,String,R_O
OLEFormat,FollowColors,Follow Colors,PpFollowColors,V
Options,DisplayPasteOptions,Display Paste Options,MsoTriState,V
PageSetup,Application,Application,Application,R_O
PageSetup,Parent,Parent,Object,R_O
PageSetup,FirstSlideNumber,First Slide Number,Long,V
PageSetup,SlideHeight,Slide Height,Single,V
PageSetup,SlideWidth,Slide Width,Single,V
PageSetup,SlideSize,Slide Size,PpSlideSizeType,V
PageSetup,NotesOrientation,Notes Orientation,MsoOrientation,V
PageSetup,SlideOrientation,Slide Orientation,MsoOrientation,V
Pane,Parent,Parent,Object,R_O
Pane,Active,Active,MsoTriState,R_O
Pane,Application,Application,Application,R_O
Pane,ViewType,View Type,PpViewType,R_O
Panes,Count,Count,Long,R_O
Panes,Application,Application,Application,R_O
Panes,Parent,Parent,Object,R_O
ParagraphFormat,Application,Application,Application,R_O
ParagraphFormat,Parent,Parent,Object,R_O
ParagraphFormat,Alignment,Alignment,PpParagraphAlignment,V
ParagraphFormat,Bullet,Bullet,BulletFormat,R_O
ParagraphFormat,LineRuleBefore,Line Rule Before,MsoTriState,V
ParagraphFormat,LineRuleAfter,Line Rule After,MsoTriState,V
ParagraphFormat,LineRuleWithin,Line Rule Within,MsoTriState,V
ParagraphFormat,SpaceBefore,Space Before,Single,V
ParagraphFormat,SpaceAfter,Space After,Single,V
ParagraphFormat,SpaceWithin,Space Within,Single,V
ParagraphFormat,BaseLineAlignment,Base Line Alignment,PpBaselineAlignment,V
ParagraphFormat,FarEastLineBreakControl,Far East Line Break Control,MsoTriState,V
ParagraphFormat,WordWrap,Word Wrap,MsoTriState,V
ParagraphFormat,HangingPunctuation,Hanging Punctuation,MsoTriState,V
ParagraphFormat,TextDirection,Text Direction,PpDirection,V
PictureFormat,Application,Application,Object,R_O
PictureFormat,Creator,Creator,Long,R_O
PictureFormat,Parent,Parent,Object,R_O
PictureFormat,Brightness,Brightness,Single,V
PictureFormat,ColorType,Color Type,MsoPictureColorType,V
PictureFormat,Contrast,Contrast,Single,V
PictureFormat,CropBottom,Crop Bottom,Single,V
PictureFormat,CropLeft,Crop Left,Single,V
PictureFormat,CropRight,Crop Right,Single,V
PictureFormat,CropTop,Crop Top,Single,V
PictureFormat,TransparencyColor,Transparency Color,MsoRGBType,V
PictureFormat,TransparentBackground,Transparent Background,MsoTriState,V
PictureFormat,Crop,Crop,Crop,R_O
PlaceholderFormat,Application,Application,Application,R_O
PlaceholderFormat,Parent,Parent,Object,R_O
PlaceholderFormat,Type,Type,PpPlaceholderType,R_O
PlaceholderFormat,Name,Name,String,V
PlaceholderFormat,ContainedType,Contained Type,MsoShapeType,R_O
PlaceholderFormat,Position,Position,Long,R_O
Placeholders,Count,Count,Long,R_O
Placeholders,Application,Application,Application,R_O
Placeholders,Parent,Parent,Object,R_O
Player,Application,Application,Application,R_O
Player,Parent,Parent,Object,R_O
Player,CurrentPosition,Current Position,Long,V
Player,State,State,PpPlayerState,R_O
PlaySettings,Application,Application,Application,R_O
PlaySettings,Parent,Parent,Object,R_O
PlaySettings,ActionVerb,Action Verb,String,V
PlaySettings,HideWhileNotPlaying,Hide While Not Playing,MsoTriState,V
PlaySettings,LoopUntilStopped,Loop Until Stopped,MsoTriState,V
PlaySettings,PlayOnEntry,Play On Entry,MsoTriState,V
PlaySettings,RewindMovie,Rewind Movie,MsoTriState,V
PlaySettings,PauseAnimation,Pause Animation,MsoTriState,V
PlaySettings,StopAfterSlides,Stop After Slides,Long,V
PlotArea,Name,Name,String,R_O
PlotArea,Parent,Parent,Object,R_O
PlotArea,Height,Height,Double,V
PlotArea,Left,Left,Double,V
PlotArea,Top,Top,Double,V
PlotArea,Width,Width,Double,V
PlotArea,InsideLeft,Inside Left,Double,V
PlotArea,InsideTop,Inside Top,Double,V
PlotArea,InsideWidth,Inside Width,Double,V
PlotArea,InsideHeight,Inside Height,Double,V
PlotArea,Position,Position,XlChartElementPosition,V
PlotArea,Format,Format,ChartFormat,R_O
PlotArea,Creator,Creator,Long,R_O
PlotArea,Application,Application,Application,R_O
Point,Parent,Parent,Object,R_O
Point,DataLabel,Data Label,DataLabel,R_O
Point,Explosion,Explosion,Long,V
Point,HasDataLabel,Has Data Label,Boolean,V
Point,InvertIfNegative,Invert If Negative,Boolean,V
Point,MarkerBackgroundColor,Marker Background Color,Long,V
Point,MarkerBackgroundColorIndex,Marker Background Color Index,XlColorIndex,V
Point,MarkerForegroundColor,Marker Foreground Color,Long,V
Point,MarkerForegroundColorIndex,Marker Foreground Color Index,XlColorIndex,V
Point,MarkerSize,Marker Size,Long,V
Point,MarkerStyle,Marker Style,XlMarkerStyle,V
Point,PictureType,Picture Type,XlChartPictureType,V
Point,ApplyPictToSides,Apply Pict To Sides,Boolean,V
Point,ApplyPictToFront,Apply Pict To Front,Boolean,V
Point,ApplyPictToEnd,Apply Pict To End,Boolean,V
Point,Shadow,Shadow,Boolean,V
Point,SecondaryPlot,Secondary Plot,Boolean,V
Point,Has3DEffect,Has3 D Effect,Boolean,V
Point,Format,Format,ChartFormat,R_O
Point,Creator,Creator,Long,R_O
Point,PictureUnit2,Picture Unit2,Double,V
Point,Application,Application,Application,R_O
Point,Name,Name,String,R_O
Point,Height,Height,Double,R_O
Point,Width,Width,Double,R_O
Point,Left,Left,Double,R_O
Point,Top,Top,Double,R_O
Point,IsTotal,Is Total,Boolean,V
Points,Parent,Parent,Object,R_O
Points,Count,Count,Long,R_O
Points,Creator,Creator,Long,R_O
Points,Application,Application,Application,R_O
Presentation,Application,Application,Application,R_O
Presentation,Parent,Parent,Object,R_O
Presentation,SlideMaster,Slide Master,_Master,R_O
Presentation,TitleMaster,Title Master,_Master,R_O
Presentation,HasTitleMaster,Has Title Master,MsoTriState,R_O
Presentation,TemplateName,Template Name,String,R_O
Presentation,NotesMaster,Notes Master,_Master,R_O
Presentation,HandoutMaster,Handout Master,_Master,R_O
Presentation,Slides,Slides,Slides,R_O
Presentation,PageSetup,Page Setup,PageSetup,R_O
Presentation,ColorSchemes,Color Schemes,ColorSchemes,R_O
Presentation,ExtraColors,Extra Colors,ExtraColors,R_O
Presentation,SlideShowSettings,Slide Show Settings,SlideShowSettings,R_O
Presentation,Fonts,Fonts,Fonts,R_O
Presentation,Windows,Windows,DocumentWindows,R_O
Presentation,Tags,Tags,Tags,R_O
Presentation,DefaultShape,Default Shape,Shape,R_O
Presentation,BuiltInDocumentProperties,Built In Document Properties,Object,R_O
Presentation,CustomDocumentProperties,Custom Document Properties,Object,R_O
Presentation,VBProject,VB Project,VBProject,R_O
Presentation,ReadOnly,Read Only,MsoTriState,R_O
Presentation,FullName,Full Name,String,R_O
Presentation,Name,Name,String,R_O
Presentation,Path,Path,String,R_O
Presentation,Saved,Saved,MsoTriState,V
Presentation,LayoutDirection,Layout Direction,PpDirection,V
Presentation,PrintOptions,Print Options,PrintOptions,R_O
Presentation,Container,Container,Object,R_O
Presentation,DisplayComments,Display Comments,MsoTriState,V
Presentation,FarEastLineBreakLevel,Far East Line Break Level,PpFarEastLineBreakLevel,V
Presentation,NoLineBreakBefore,No Line Break Before,String,V
Presentation,NoLineBreakAfter,No Line Break After,String,V
Presentation,SlideShowWindow,Slide Show Window,SlideShowWindow,R_O
Presentation,FarEastLineBreakLanguage,Far East Line Break Language,MsoFarEastLineBreakLanguageID,V
Presentation,DefaultLanguageID,Default Language ID,MsoLanguageID,V
Presentation,CommandBars,Command Bars,CommandBars,R_O
Presentation,EnvelopeVisible,Envelope Visible,MsoTriState,V
Presentation,VBASigned,VBA Signed,MsoTriState,R_O
Presentation,SnapToGrid,Snap To Grid,MsoTriState,V
Presentation,GridDistance,Grid Distance,Single,V
Presentation,Designs,Designs,Designs,R_O
Presentation,Signatures,Signatures,SignatureSet,R_O
Presentation,RemovePersonalInformation,Remove Personal Information,MsoTriState,V
Presentation,PasswordEncryptionProvider,Password Encryption Provider,String,R_O
Presentation,PasswordEncryptionAlgorithm,Password Encryption Algorithm,String,R_O
Presentation,PasswordEncryptionKeyLength,Password Encryption Key Length,Long,R_O
Presentation,PasswordEncryptionFileProperties,Password Encryption File Properties,Boolean,R_O
Presentation,Password,Password,String,V
Presentation,WritePassword,Write Password,String,V
Presentation,Permission,Permission,Permission,R_O
Presentation,SharedWorkspace,Shared Workspace,SharedWorkspace,R_O
Presentation,Sync,Sync,Sync,R_O
Presentation,DocumentLibraryVersions,Document Library Versions,DocumentLibraryVersions,R_O
Presentation,ContentTypeProperties,Content Type Properties,MetaProperties,R_O
Presentation,ServerPolicy,Server Policy,ServerPolicy,R_O
Presentation,DocumentInspectors,Document Inspectors,DocumentInspectors,R_O
Presentation,HasVBProject,Has VB Project,Boolean,R_O
Presentation,CustomXMLParts,Custom XML Parts,CustomXMLParts,R_O
Presentation,Final,Final,Boolean,V
Presentation,CustomerData,Customer Data,CustomerData,R_O
Presentation,Research,Research,Research,R_O
Presentation,EncryptionProvider,Encryption Provider,String,V
Presentation,SectionProperties,Section Properties,SectionProperties,R_O
Presentation,Coauthoring,Coauthoring,Coauthoring,R_O
Presentation,Broadcast,Broadcast,Broadcast,R_O
Presentation,HasNotesMaster,Has Notes Master,Boolean,R_O
Presentation,HasHandoutMaster,Has Handout Master,Boolean,R_O
Presentation,CreateVideoStatus,Create Video Status,PpMediaTaskStatus,R_O
Presentation,ChartDataPointTrack,Chart Data Point Track,Boolean,V
Presentation,Guides,Guides,Guides,R_O
Presentation,WorkIdentity,Work Identity,String,V
Presentation,AutoSaveOn,Auto Save On,Boolean,V
Presentation,ReadOnlyRecommended,Read Only Recommended,Boolean,R_O
Presentation,SensitivityLabel,Sensitivity Label,ISensitivityLabel,R_O
Presentation,IsFullyDownloaded,Is Fully Downloaded,Boolean,R_O
Presentations,Count,Count,Long,R_O
Presentations,Application,Application,Application,R_O
Presentations,Parent,Parent,Object,R_O
PrintOptions,Application,Application,Application,R_O
PrintOptions,PrintColorType,Print Color Type,PpPrintColorType,V
PrintOptions,Collate,Collate,MsoTriState,V
PrintOptions,FitToPage,Fit To Page,MsoTriState,V
PrintOptions,FrameSlides,Frame Slides,MsoTriState,V
PrintOptions,NumberOfCopies,Number Of Copies,Long,V
PrintOptions,OutputType,Output Type,PpPrintOutputType,V
PrintOptions,Parent,Parent,Object,R_O
PrintOptions,PrintHiddenSlides,Print Hidden Slides,MsoTriState,V
PrintOptions,PrintInBackground,Print In Background,MsoTriState,V
PrintOptions,RangeType,Range Type,PpPrintRangeType,V
PrintOptions,Ranges,Ranges,PrintRanges,R_O
PrintOptions,PrintFontsAsGraphics,Print Fonts As Graphics,MsoTriState,V
PrintOptions,SlideShowName,Slide Show Name,String,V
PrintOptions,ActivePrinter,Active Printer,String,V
PrintOptions,HandoutOrder,Handout Order,PpPrintHandoutOrder,V
PrintOptions,PrintComments,Print Comments,MsoTriState,V
PrintOptions,sectionIndex,section Index,Long,V
PrintOptions,HighQuality,High Quality,MsoTriState,V
PrintRange,Application,Application,Application,R_O
PrintRange,Parent,Parent,Object,R_O
PrintRange,Start,Start,Long,R_O
PrintRange,End,End,Long,R_O
PrintRanges,Count,Count,Long,R_O
PrintRanges,Application,Application,Application,R_O
PrintRanges,Parent,Parent,Object,R_O
PropertyEffect,Application,Application,Application,R_O
PropertyEffect,Parent,Parent,Object,R_O
PropertyEffect,Property,Property,MsoAnimProperty,V
PropertyEffect,Points,Points,AnimationPoints,R_O
PropertyEffect,From,From,Variant,V
PropertyEffect,To,To,Variant,V
ProtectedViewWindow,Application,Application,Application,R_O
ProtectedViewWindow,Parent,Parent,Object,R_O
ProtectedViewWindow,Presentation,Presentation,Presentation,R_O
ProtectedViewWindow,Active,Active,MsoTriState,R_O
ProtectedViewWindow,WindowState,Window State,PpWindowState,V
ProtectedViewWindow,Caption,Caption,String,R_O
ProtectedViewWindow,SourcePath,Source Path,String,R_O
ProtectedViewWindow,SourceName,Source Name,String,R_O
ProtectedViewWindow,Left,Left,Single,V
ProtectedViewWindow,Top,Top,Single,V
ProtectedViewWindow,Width,Width,Single,V
ProtectedViewWindow,Height,Height,Single,V
ProtectedViewWindows,Count,Count,Long,R_O
ProtectedViewWindows,Application,Application,Application,R_O
ProtectedViewWindows,Parent,Parent,Object,R_O
PublishObject,Application,Application,Application,R_O
PublishObject,Parent,Parent,Object,R_O
PublishObject,HTMLVersion,HTML Version,PpHTMLVersion,V
PublishObject,SourceType,Source Type,PpPublishSourceType,V
PublishObject,RangeStart,Range Start,Long,V
PublishObject,RangeEnd,Range End,Long,V
PublishObject,SlideShowName,Slide Show Name,String,V
PublishObject,SpeakerNotes,Speaker Notes,MsoTriState,V
PublishObject,FileName,File Name,String,V
PublishObjects,Count,Count,Long,R_O
PublishObjects,Application,Application,Application,R_O
PublishObjects,Parent,Parent,Object,R_O
ResampleMediaTask,profile,profile,PpResampleMediaProfile,R_O
ResampleMediaTask,IsLinked,Is Linked,Boolean,R_O
ResampleMediaTask,IsEmbedded,Is Embedded,Boolean,R_O
ResampleMediaTask,AudioSamplingRate,Audio Sampling Rate,Long,R_O
ResampleMediaTask,VideoFrameRate,Video Frame Rate,Long,R_O
ResampleMediaTask,SampleHeight,Sample Height,Long,R_O
ResampleMediaTask,SampleWidth,Sample Width,Long,R_O
ResampleMediaTask,ContainerType,Container Type,String,R_O
ResampleMediaTask,VideoCompressionType,Video Compression Type,String,R_O
ResampleMediaTask,AudioCompressionType,Audio Compression Type,String,R_O
ResampleMediaTask,Shape,Shape,Shape,R_O
ResampleMediaTasks,Count,Count,Long,R_O
ResampleMediaTasks,PercentComplete,Percent Complete,Long,R_O
Research,Application,Application,Application,R_O
Research,Parent,Parent,Object,R_O
RGBColor,Application,Application,Application,R_O
RGBColor,Parent,Parent,Object,R_O
RGBColor,RGB,RGB,MsoRGBType,V
RotationEffect,Application,Application,Application,R_O
RotationEffect,Parent,Parent,Object,R_O
RotationEffect,By,By,Single,V
RotationEffect,From,From,Single,V
RotationEffect,To,To,Single,V
Row,Application,Application,Application,R_O
Row,Parent,Parent,Object,R_O
Row,Cells,Cells,CellRange,R_O
Row,Height,Height,Single,V
Rows,Count,Count,Long,R_O
Rows,Application,Application,Application,R_O
Rows,Parent,Parent,Object,R_O
Ruler,Application,Application,Application,R_O
Ruler,Parent,Parent,Object,R_O
Ruler,TabStops,Tab Stops,TabStops,R_O
Ruler,Levels,Levels,RulerLevels,R_O
RulerLevel,Application,Application,Application,R_O
RulerLevel,Parent,Parent,Object,R_O
RulerLevel,FirstMargin,First Margin,Single,V
RulerLevel,LeftMargin,Left Margin,Single,V
RulerLevels,Count,Count,Long,R_O
RulerLevels,Application,Application,Application,R_O
RulerLevels,Parent,Parent,Object,R_O
ScaleEffect,Application,Application,Application,R_O
ScaleEffect,Parent,Parent,Object,R_O
ScaleEffect,ByX,By X,Single,V
ScaleEffect,ByY,By Y,Single,V
ScaleEffect,FromX,From X,Single,V
ScaleEffect,FromY,From Y,Single,V
ScaleEffect,ToX,To X,Single,V
ScaleEffect,ToY,To Y,Single,V
SectionProperties,Application,Application,Application,R_O
SectionProperties,Parent,Parent,Object,R_O
SectionProperties,Count,Count,Long,R_O
Selection,Application,Application,Application,R_O
Selection,Parent,Parent,Object,R_O
Selection,Type,Type,PpSelectionType,R_O
Selection,SlideRange,Slide Range,SlideRange,R_O
Selection,ShapeRange,Shape Range,ShapeRange,R_O
Selection,TextRange,Text Range,TextRange,R_O
Selection,ChildShapeRange,Child Shape Range,ShapeRange,R_O
Selection,HasChildShapeRange,Has Child Shape Range,Boolean,R_O
Selection,TextRange2,Text Range2,TextRange2,R_O
Sequence,Count,Count,Long,R_O
Sequence,Application,Application,Application,R_O
Sequence,Parent,Parent,Object,R_O
Sequences,Count,Count,Long,R_O
Sequences,Application,Application,Application,R_O
Sequences,Parent,Parent,Object,R_O
Series,Parent,Parent,Object,R_O
Series,AxisGroup,Axis Group,XlAxisGroup,V
Series,ErrorBars,Error Bars,ErrorBars,R_O
Series,Explosion,Explosion,Long,V
Series,Formula,Formula,String,V
Series,FormulaLocal,Formula Local,String,V
Series,FormulaR1C1,Formula R1 C1,String,V
Series,FormulaR1C1Local,Formula R1 C1 Local,String,V
Series,HasDataLabels,Has Data Labels,Boolean,V
Series,HasErrorBars,Has Error Bars,Boolean,V
Series,InvertIfNegative,Invert If Negative,Boolean,V
Series,MarkerBackgroundColor,Marker Background Color,Long,V
Series,MarkerBackgroundColorIndex,Marker Background Color Index,XlColorIndex,V
Series,MarkerForegroundColor,Marker Foreground Color,Long,V
Series,MarkerForegroundColorIndex,Marker Foreground Color Index,XlColorIndex,V
Series,MarkerSize,Marker Size,Long,V
Series,MarkerStyle,Marker Style,XlMarkerStyle,V
Series,Name,Name,String,V
Series,PictureType,Picture Type,XlChartPictureType,V
Series,PlotOrder,Plot Order,Long,V
Series,Smooth,Smooth,Boolean,V
Series,Type,Type,Long,V
Series,ChartType,Chart Type,XlChartType,V
Series,Values,Values,Variant,V
Series,XValues,X Values,Variant,V
Series,BubbleSizes,Bubble Sizes,Variant,V
Series,BarShape,Bar Shape,XlBarShape,V
Series,ApplyPictToSides,Apply Pict To Sides,Boolean,V
Series,ApplyPictToFront,Apply Pict To Front,Boolean,V
Series,ApplyPictToEnd,Apply Pict To End,Boolean,V
Series,Has3DEffect,Has3 D Effect,Boolean,V
Series,Shadow,Shadow,Boolean,V
Series,HasLeaderLines,Has Leader Lines,Boolean,V
Series,LeaderLines,Leader Lines,LeaderLines,R_O
Series,Format,Format,ChartFormat,R_O
Series,Creator,Creator,Long,R_O
Series,PictureUnit2,Picture Unit2,Double,V
Series,Application,Application,Application,R_O
Series,PlotColorIndex,Plot Color Index,Long,R_O
Series,InvertColor,Invert Color,Long,V
Series,InvertColorIndex,Invert Color Index,XlColorIndex,V
Series,IsFiltered,Is Filtered,Boolean,V
Series,ParentDataLabelOption,Parent Data Label Option,XlParentDataLabelOptions,V
Series,QuartileCalculationInclusiveMedian,Quartile Calculation Inclusive Median,Boolean,V
Series,ValueSortOrder,Value Sort Order,XlValueSortOrder,V
Series,GeoProjectionType,Geo Projection Type,XlGeoProjectionType,V
Series,GeoMappingLevel,Geo Mapping Level,XlGeoMappingLevel,V
Series,RegionLabelOption,Region Label Option,XlRegionLabelOptions,V
Series,SeriesColorGradientStyle,Series Color Gradient Style,XlSeriesColorGradientStyle,V
SeriesCollection,Parent,Parent,Object,R_O
SeriesCollection,Count,Count,Long,R_O
SeriesCollection,Creator,Creator,Long,R_O
SeriesCollection,Application,Application,Application,R_O
SeriesLines,Name,Name,String,R_O
SeriesLines,Parent,Parent,Object,R_O
SeriesLines,Border,Border,ChartBorder,R_O
SeriesLines,Format,Format,ChartFormat,R_O
SeriesLines,Creator,Creator,Long,R_O
SeriesLines,Application,Application,Application,R_O
SetEffect,Application,Application,Application,R_O
SetEffect,Parent,Parent,Object,R_O
SetEffect,Property,Property,MsoAnimProperty,V
SetEffect,To,To,Variant,V
ShadowFormat,Application,Application,Object,R_O
ShadowFormat,Creator,Creator,Long,R_O
ShadowFormat,Parent,Parent,Object,R_O
ShadowFormat,ForeColor,Fore Color,ColorFormat,V
ShadowFormat,Obscured,Obscured,MsoTriState,V
ShadowFormat,OffsetX,Offset X,Single,V
ShadowFormat,OffsetY,Offset Y,Single,V
ShadowFormat,Transparency,Transparency,Single,V
ShadowFormat,Type,Type,MsoShadowType,V
ShadowFormat,Visible,Visible,MsoTriState,V
ShadowFormat,Style,Style,MsoShadowStyle,V
ShadowFormat,Blur,Blur,Single,V
ShadowFormat,Size,Size,Single,V
ShadowFormat,RotateWithShape,Rotate With Shape,MsoTriState,V
Shape,Application,Application,Object,R_O
Shape,Creator,Creator,Long,R_O
Shape,Parent,Parent,Object,R_O
Shape,Adjustments,Adjustments,Adjustments,R_O
Shape,AutoShapeType,Auto Shape Type,MsoAutoShapeType,V
Shape,BlackWhiteMode,Black White Mode,MsoBlackWhiteMode,V
Shape,Callout,Callout,CalloutFormat,R_O
Shape,ConnectionSiteCount,Connection Site Count,Long,R_O
Shape,Connector,Connector,MsoTriState,R_O
Shape,ConnectorFormat,Connector Format,ConnectorFormat,R_O
Shape,Fill,Fill,FillFormat,R_O
Shape,GroupItems,Group Items,GroupShapes,R_O
Shape,Height,Height,Single,V
Shape,HorizontalFlip,Horizontal Flip,MsoTriState,R_O
Shape,Left,Left,Single,V
Shape,Line,Line,LineFormat,R_O
Shape,LockAspectRatio,Lock Aspect Ratio,MsoTriState,V
Shape,Name,Name,String,V
Shape,Nodes,Nodes,ShapeNodes,R_O
Shape,Rotation,Rotation,Single,V
Shape,PictureFormat,Picture Format,PictureFormat,R_O
Shape,Shadow,Shadow,ShadowFormat,R_O
Shape,TextEffect,Text Effect,TextEffectFormat,R_O
Shape,TextFrame,Text Frame,TextFrame,R_O
Shape,ThreeD,Three D,ThreeDFormat,R_O
Shape,Top,Top,Single,V
Shape,Type,Type,MsoShapeType,R_O
Shape,VerticalFlip,Vertical Flip,MsoTriState,R_O
Shape,Vertices,Vertices,Variant,R_O
Shape,Visible,Visible,MsoTriState,V
Shape,Width,Width,Single,V
Shape,ZOrderPosition,Z Order Position,Long,R_O
Shape,OLEFormat,OLE Format,OLEFormat,R_O
Shape,LinkFormat,Link Format,LinkFormat,R_O
Shape,PlaceholderFormat,Placeholder Format,PlaceholderFormat,R_O
Shape,AnimationSettings,Animation Settings,AnimationSettings,R_O
Shape,ActionSettings,Action Settings,ActionSettings,R_O
Shape,Tags,Tags,Tags,R_O
Shape,MediaType,Media Type,PpMediaType,R_O
Shape,HasTextFrame,Has Text Frame,MsoTriState,R_O
Shape,AlternativeText,Alternative Text,String,V
Shape,HasTable,Has Table,MsoTriState,R_O
Shape,Table,Table,Table,R_O
Shape,Child,Child,MsoTriState,R_O
Shape,ParentGroup,Parent Group,Shape,R_O
Shape,Id,Id,Long,R_O
Shape,CustomerData,Customer Data,CustomerData,R_O
Shape,TextFrame2,Text Frame2,TextFrame2,R_O
Shape,HasChart,Has Chart,MsoTriState,R_O
Shape,ShapeStyle,Shape Style,MsoShapeStyleIndex,V
Shape,BackgroundStyle,Background Style,MsoBackgroundStyleIndex,V
Shape,SoftEdge,Soft Edge,SoftEdgeFormat,R_O
Shape,Glow,Glow,GlowFormat,R_O
Shape,Reflection,Reflection,ReflectionFormat,R_O
Shape,Chart,Chart,Chart,R_O
Shape,HasSmartArt,Has Smart Art,MsoTriState,R_O
Shape,SmartArt,Smart Art,SmartArt,R_O
Shape,Title,Title,String,V
Shape,MediaFormat,Media Format,MediaFormat,R_O
Shape,IsNarration,Is Narration,MsoTriState,V
Shape,InkXML,Ink XML,String,R_O
Shape,HasInkXML,Has Ink XML,MsoTriState,R_O
Shape,HasSectionZoom,Has Section Zoom,MsoTriState,R_O
Shape,GraphicStyle,Graphic Style,MsoGraphicStyleIndex,V
Shape,Model3D,Model3 D,Model3DFormat,R_O
Shape,Decorative,Decorative,MsoTriState,V
Shape,Locked,Locked,MsoTriState,V
ShapeNode,Application,Application,Object,R_O
ShapeNode,Creator,Creator,Long,R_O
ShapeNode,Parent,Parent,Object,R_O
ShapeNode,EditingType,Editing Type,MsoEditingType,R_O
ShapeNode,Points,Points,Variant,R_O
ShapeNode,SegmentType,Segment Type,MsoSegmentType,R_O
ShapeNodes,Application,Application,Object,R_O
ShapeNodes,Creator,Creator,Long,R_O
ShapeNodes,Parent,Parent,Object,R_O
ShapeNodes,Count,Count,Long,R_O
ShapeNodes,_NewEnum,_New Enum,IUnknown,R_O
ShapeRange,Application,Application,Object,R_O
ShapeRange,Creator,Creator,Long,R_O
ShapeRange,Parent,Parent,Object,R_O
ShapeRange,Adjustments,Adjustments,Adjustments,R_O
ShapeRange,AutoShapeType,Auto Shape Type,MsoAutoShapeType,V
ShapeRange,BlackWhiteMode,Black White Mode,MsoBlackWhiteMode,V
ShapeRange,Callout,Callout,CalloutFormat,R_O
ShapeRange,ConnectionSiteCount,Connection Site Count,Long,R_O
ShapeRange,Connector,Connector,MsoTriState,R_O
ShapeRange,ConnectorFormat,Connector Format,ConnectorFormat,R_O
ShapeRange,Fill,Fill,FillFormat,R_O
ShapeRange,GroupItems,Group Items,GroupShapes,R_O
ShapeRange,Height,Height,Single,V
ShapeRange,HorizontalFlip,Horizontal Flip,MsoTriState,R_O
ShapeRange,Left,Left,Single,V
ShapeRange,Line,Line,LineFormat,R_O
ShapeRange,LockAspectRatio,Lock Aspect Ratio,MsoTriState,V
ShapeRange,Name,Name,String,V
ShapeRange,Nodes,Nodes,ShapeNodes,R_O
ShapeRange,Rotation,Rotation,Single,V
ShapeRange,PictureFormat,Picture Format,PictureFormat,R_O
ShapeRange,Shadow,Shadow,ShadowFormat,R_O
ShapeRange,TextEffect,Text Effect,TextEffectFormat,R_O
ShapeRange,TextFrame,Text Frame,TextFrame,R_O
ShapeRange,ThreeD,Three D,ThreeDFormat,R_O
ShapeRange,Top,Top,Single,V
ShapeRange,Type,Type,MsoShapeType,R_O
ShapeRange,VerticalFlip,Vertical Flip,MsoTriState,R_O
ShapeRange,Vertices,Vertices,Variant,R_O
ShapeRange,Visible,Visible,MsoTriState,V
ShapeRange,Width,Width,Single,V
ShapeRange,ZOrderPosition,Z Order Position,Long,R_O
ShapeRange,OLEFormat,OLE Format,OLEFormat,R_O
ShapeRange,LinkFormat,Link Format,LinkFormat,R_O
ShapeRange,PlaceholderFormat,Placeholder Format,PlaceholderFormat,R_O
ShapeRange,AnimationSettings,Animation Settings,AnimationSettings,R_O
ShapeRange,ActionSettings,Action Settings,ActionSettings,R_O
ShapeRange,Tags,Tags,Tags,R_O
ShapeRange,MediaType,Media Type,PpMediaType,R_O
ShapeRange,HasTextFrame,Has Text Frame,MsoTriState,R_O
ShapeRange,Count,Count,Long,R_O
ShapeRange,AlternativeText,Alternative Text,String,V
ShapeRange,HasTable,Has Table,MsoTriState,R_O
ShapeRange,Table,Table,Table,R_O
ShapeRange,Child,Child,MsoTriState,R_O
ShapeRange,ParentGroup,Parent Group,Shape,R_O
ShapeRange,Id,Id,Long,R_O
ShapeRange,CustomerData,Customer Data,CustomerData,R_O
ShapeRange,TextFrame2,Text Frame2,TextFrame2,R_O
ShapeRange,HasChart,Has Chart,MsoTriState,R_O
ShapeRange,ShapeStyle,Shape Style,MsoShapeStyleIndex,V
ShapeRange,BackgroundStyle,Background Style,MsoBackgroundStyleIndex,V
ShapeRange,SoftEdge,Soft Edge,SoftEdgeFormat,R_O
ShapeRange,Glow,Glow,GlowFormat,R_O
ShapeRange,Reflection,Reflection,ReflectionFormat,R_O
ShapeRange,Chart,Chart,Chart,R_O
ShapeRange,HasSmartArt,Has Smart Art,MsoTriState,R_O
ShapeRange,SmartArt,Smart Art,SmartArt,R_O
ShapeRange,Title,Title,String,V
ShapeRange,MediaFormat,Media Format,MediaFormat,R_O
ShapeRange,IsNarration,Is Narration,MsoTriState,V
ShapeRange,InkXML,Ink XML,String,R_O
ShapeRange,HasInkXML,Has Ink XML,MsoTriState,R_O
ShapeRange,HasSectionZoom,Has Section Zoom,MsoTriState,R_O
ShapeRange,GraphicStyle,Graphic Style,MsoGraphicStyleIndex,V
ShapeRange,Model3D,Model3 D,Model3DFormat,R_O
ShapeRange,Decorative,Decorative,MsoTriState,V
ShapeRange,Locked,Locked,MsoTriState,V
Shapes,Application,Application,Object,R_O
Shapes,Creator,Creator,Long,R_O
Shapes,Parent,Parent,Object,R_O
Shapes,Count,Count,Long,R_O
Shapes,_NewEnum,_New Enum,IUnknown,R_O
Shapes,HasTitle,Has Title,MsoTriState,R_O
Shapes,Title,Title,Shape,R_O
Shapes,Placeholders,Placeholders,Placeholders,R_O
Slide,Application,Application,Application,R_O
Slide,Parent,Parent,Object,R_O
Slide,Shapes,Shapes,Shapes,R_O
Slide,HeadersFooters,Headers Footers,HeadersFooters,R_O
Slide,SlideShowTransition,Slide Show Transition,SlideShowTransition,R_O
Slide,ColorScheme,Color Scheme,ColorScheme,V
Slide,Background,Background,ShapeRange,R_O
Slide,Name,Name,String,V
Slide,SlideID,Slide ID,Long,R_O
Slide,PrintSteps,Print Steps,Long,R_O
Slide,Layout,Layout,PpSlideLayout,V
Slide,Tags,Tags,Tags,R_O
Slide,SlideIndex,Slide Index,Long,R_O
Slide,SlideNumber,Slide Number,Long,R_O
Slide,DisplayMasterShapes,Display Master Shapes,MsoTriState,V
Slide,FollowMasterBackground,Follow Master Background,MsoTriState,V
Slide,NotesPage,Notes Page,SlideRange,R_O
Slide,Master,Master,_Master,R_O
Slide,Hyperlinks,Hyperlinks,Hyperlinks,R_O
Slide,Comments,Comments,Comments,R_O
Slide,Design,Design,Design,V
Slide,TimeLine,Time Line,TimeLine,R_O
Slide,CustomLayout,Custom Layout,CustomLayout,V
Slide,ThemeColorScheme,Theme Color Scheme,ThemeColorScheme,R_O
Slide,BackgroundStyle,Background Style,MsoBackgroundStyleIndex,V
Slide,CustomerData,Customer Data,CustomerData,R_O
Slide,sectionIndex,section Index,Long,R_O
Slide,HasNotesPage,Has Notes Page,MsoTriState,R_O
SlideNavigation,Application,Application,Application,R_O
SlideNavigation,Parent,Parent,Object,R_O
SlideNavigation,Visible,Visible,Boolean,V
SlideRange,Application,Application,Application,R_O
SlideRange,Parent,Parent,Object,R_O
SlideRange,Shapes,Shapes,Shapes,R_O
SlideRange,HeadersFooters,Headers Footers,HeadersFooters,R_O
SlideRange,SlideShowTransition,Slide Show Transition,SlideShowTransition,R_O
SlideRange,ColorScheme,Color Scheme,ColorScheme,V
SlideRange,Background,Background,ShapeRange,R_O
SlideRange,Name,Name,String,V
SlideRange,SlideID,Slide ID,Long,R_O
SlideRange,PrintSteps,Print Steps,Long,R_O
SlideRange,Layout,Layout,PpSlideLayout,V
SlideRange,Tags,Tags,Tags,R_O
SlideRange,SlideIndex,Slide Index,Long,R_O
SlideRange,SlideNumber,Slide Number,Long,R_O
SlideRange,DisplayMasterShapes,Display Master Shapes,MsoTriState,V
SlideRange,FollowMasterBackground,Follow Master Background,MsoTriState,V
SlideRange,NotesPage,Notes Page,SlideRange,R_O
SlideRange,Master,Master,_Master,R_O
SlideRange,Hyperlinks,Hyperlinks,Hyperlinks,R_O
SlideRange,Count,Count,Long,R_O
SlideRange,Comments,Comments,Comments,R_O
SlideRange,Design,Design,Design,V
SlideRange,TimeLine,Time Line,TimeLine,R_O
SlideRange,CustomLayout,Custom Layout,CustomLayout,V
SlideRange,ThemeColorScheme,Theme Color Scheme,ThemeColorScheme,R_O
SlideRange,BackgroundStyle,Background Style,MsoBackgroundStyleIndex,V
SlideRange,CustomerData,Customer Data,CustomerData,R_O
SlideRange,sectionIndex,section Index,Long,R_O
SlideRange,HasNotesPage,Has Notes Page,MsoTriState,R_O
Slides,Count,Count,Long,R_O
Slides,Application,Application,Application,R_O
Slides,Parent,Parent,Object,R_O
SlideShowSettings,Application,Application,Application,R_O
SlideShowSettings,Parent,Parent,Object,R_O
SlideShowSettings,PointerColor,Pointer Color,ColorFormat,R_O
SlideShowSettings,NamedSlideShows,Named Slide Shows,NamedSlideShows,R_O
SlideShowSettings,StartingSlide,Starting Slide,Long,V
SlideShowSettings,EndingSlide,Ending Slide,Long,V
SlideShowSettings,AdvanceMode,Advance Mode,PpSlideShowAdvanceMode,V
SlideShowSettings,LoopUntilStopped,Loop Until Stopped,MsoTriState,V
SlideShowSettings,ShowType,Show Type,PpSlideShowType,V
SlideShowSettings,ShowWithNarration,Show With Narration,MsoTriState,V
SlideShowSettings,ShowWithAnimation,Show With Animation,MsoTriState,V
SlideShowSettings,SlideShowName,Slide Show Name,String,V
SlideShowSettings,RangeType,Range Type,PpSlideShowRangeType,V
SlideShowSettings,ShowScrollbar,Show Scrollbar,MsoTriState,V
SlideShowSettings,ShowPresenterView,Show Presenter View,MsoTriState,V
SlideShowSettings,ShowMediaControls,Show Media Controls,MsoTriState,V
SlideShowTransition,Application,Application,Application,R_O
SlideShowTransition,Parent,Parent,Object,R_O
SlideShowTransition,AdvanceOnClick,Advance On Click,MsoTriState,V
SlideShowTransition,AdvanceOnTime,Advance On Time,MsoTriState,V
SlideShowTransition,AdvanceTime,Advance Time,Single,V
SlideShowTransition,EntryEffect,Entry Effect,PpEntryEffect,V
SlideShowTransition,Hidden,Hidden,MsoTriState,V
SlideShowTransition,LoopSoundUntilNext,Loop Sound Until Next,MsoTriState,V
SlideShowTransition,SoundEffect,Sound Effect,SoundEffect,R_O
SlideShowTransition,Speed,Speed,PpTransitionSpeed,V
SlideShowTransition,Duration,Duration,Single,V
SlideShowView,Application,Application,Application,R_O
SlideShowView,Parent,Parent,Object,R_O
SlideShowView,Zoom,Zoom,Long,R_O
SlideShowView,Slide,Slide,Slide,R_O
SlideShowView,PointerType,Pointer Type,PpSlideShowPointerType,V
SlideShowView,State,State,PpSlideShowState,V
SlideShowView,AcceleratorsEnabled,Accelerators Enabled,MsoTriState,V
SlideShowView,PresentationElapsedTime,Presentation Elapsed Time,Single,R_O
SlideShowView,SlideElapsedTime,Slide Elapsed Time,Single,V
SlideShowView,LastSlideViewed,Last Slide Viewed,Slide,R_O
SlideShowView,AdvanceMode,Advance Mode,PpSlideShowAdvanceMode,R_O
SlideShowView,PointerColor,Pointer Color,ColorFormat,R_O
SlideShowView,IsNamedShow,Is Named Show,MsoTriState,R_O
SlideShowView,SlideShowName,Slide Show Name,String,R_O
SlideShowView,CurrentShowPosition,Current Show Position,Long,R_O
SlideShowView,MediaControlsVisible,Media Controls Visible,MsoTriState,R_O
SlideShowView,MediaControlsLeft,Media Controls Left,Single,R_O
SlideShowView,MediaControlsTop,Media Controls Top,Single,R_O
SlideShowView,MediaControlsWidth,Media Controls Width,Single,R_O
SlideShowView,MediaControlsHeight,Media Controls Height,Single,R_O
SlideShowView,LaserPointerEnabled,Laser Pointer Enabled,Boolean,V
SlideShowWindow,Application,Application,Application,R_O
SlideShowWindow,Parent,Parent,Object,R_O
SlideShowWindow,View,View,SlideShowView,R_O
SlideShowWindow,Presentation,Presentation,Presentation,R_O
SlideShowWindow,IsFullScreen,Is Full Screen,MsoTriState,R_O
SlideShowWindow,Left,Left,Single,V
SlideShowWindow,Top,Top,Single,V
SlideShowWindow,Width,Width,Single,V
SlideShowWindow,Height,Height,Single,V
SlideShowWindow,Active,Active,MsoTriState,R_O
SlideShowWindow,SlideNavigation,Slide Navigation,SlideNavigation,R_O
SlideShowWindows,Count,Count,Long,R_O
SlideShowWindows,Application,Application,Application,R_O
SlideShowWindows,Parent,Parent,Object,R_O
SoundEffect,Application,Application,Application,R_O
SoundEffect,Parent,Parent,Object,R_O
SoundEffect,Name,Name,String,V
SoundEffect,Type,Type,PpSoundEffectType,V
SoundFormat,Type,Type,PpSoundFormatType,R_O
SoundFormat,SourceFullName,Source Full Name,String,R_O
Table,Application,Application,Application,R_O
Table,Parent,Parent,Object,R_O
Table,Columns,Columns,Columns,R_O
Table,Rows,Rows,Rows,R_O
Table,TableDirection,Table Direction,PpDirection,V
Table,FirstRow,First Row,Boolean,V
Table,LastRow,Last Row,Boolean,V
Table,FirstCol,First Col,Boolean,V
Table,LastCol,Last Col,Boolean,V
Table,HorizBanding,Horiz Banding,Boolean,V
Table,VertBanding,Vert Banding,Boolean,V
Table,Style,Style,TableStyle,R_O
Table,Background,Background,TableBackground,R_O
Table,AlternativeText,Alternative Text,String,V
Table,Title,Title,String,V
TableBackground,Fill,Fill,FillFormat,R_O
TableBackground,Picture,Picture,PictureFormat,R_O
TableBackground,Reflection,Reflection,ReflectionFormat,R_O
TableBackground,Shadow,Shadow,ShadowFormat,R_O
TableStyle,Name,Name,String,R_O
TableStyle,Id,Id,String,R_O
TabStop,Application,Application,Application,R_O
TabStop,Parent,Parent,Object,R_O
TabStop,Type,Type,PpTabStopType,V
TabStop,Position,Position,Single,V
TabStops,Count,Count,Long,R_O
TabStops,Application,Application,Application,R_O
TabStops,Parent,Parent,Object,R_O
TabStops,DefaultSpacing,Default Spacing,Single,V
Tags,Count,Count,Long,R_O
Tags,Application,Application,Application,R_O
Tags,Parent,Parent,Object,R_O
TextEffectFormat,Application,Application,Object,R_O
TextEffectFormat,Creator,Creator,Long,R_O
TextEffectFormat,Parent,Parent,Object,R_O
TextEffectFormat,Alignment,Alignment,MsoTextEffectAlignment,V
TextEffectFormat,FontBold,Font Bold,MsoTriState,V
TextEffectFormat,FontItalic,Font Italic,MsoTriState,V
TextEffectFormat,FontName,Font Name,String,V
TextEffectFormat,FontSize,Font Size,Single,V
TextEffectFormat,KernedPairs,Kerned Pairs,MsoTriState,V
TextEffectFormat,NormalizedHeight,Normalized Height,MsoTriState,V
TextEffectFormat,PresetShape,Preset Shape,MsoPresetTextEffectShape,V
TextEffectFormat,PresetTextEffect,Preset Text Effect,MsoPresetTextEffect,V
TextEffectFormat,RotatedChars,Rotated Chars,MsoTriState,V
TextEffectFormat,Text,Text,String,V
TextEffectFormat,Tracking,Tracking,Single,V
TextFrame,Application,Application,Object,R_O
TextFrame,Creator,Creator,Long,R_O
TextFrame,Parent,Parent,Object,R_O
TextFrame,MarginBottom,Margin Bottom,Single,V
TextFrame,MarginLeft,Margin Left,Single,V
TextFrame,MarginRight,Margin Right,Single,V
TextFrame,MarginTop,Margin Top,Single,V
TextFrame,Orientation,Orientation,MsoTextOrientation,V
TextFrame,HasText,Has Text,MsoTriState,R_O
TextFrame,TextRange,Text Range,TextRange,R_O
TextFrame,Ruler,Ruler,Ruler,R_O
TextFrame,HorizontalAnchor,Horizontal Anchor,MsoHorizontalAnchor,V
TextFrame,VerticalAnchor,Vertical Anchor,MsoVerticalAnchor,V
TextFrame,AutoSize,Auto Size,PpAutoSize,V
TextFrame,WordWrap,Word Wrap,MsoTriState,V
TextFrame2,Application,Application,Object,R_O
TextFrame2,Creator,Creator,Long,R_O
TextFrame2,Parent,Parent,Object,R_O
TextFrame2,MarginBottom,Margin Bottom,Single,V
TextFrame2,MarginLeft,Margin Left,Single,V
TextFrame2,MarginRight,Margin Right,Single,V
TextFrame2,MarginTop,Margin Top,Single,V
TextFrame2,Orientation,Orientation,MsoTextOrientation,V
TextFrame2,HorizontalAnchor,Horizontal Anchor,MsoHorizontalAnchor,V
TextFrame2,VerticalAnchor,Vertical Anchor,MsoVerticalAnchor,V
TextFrame2,PathFormat,Path Format,MsoPathFormat,V
TextFrame2,WarpFormat,Warp Format,MsoWarpFormat,V
TextFrame2,WordArtFormat,Word Art Format,MsoPresetTextEffect,V
TextFrame2,WordWrap,Word Wrap,MsoTriState,V
TextFrame2,AutoSize,Auto Size,MsoAutoSize,V
TextFrame2,ThreeD,Three D,ThreeDFormat,R_O
TextFrame2,HasText,Has Text,MsoTriState,R_O
TextFrame2,TextRange,Text Range,TextRange2,R_O
TextFrame2,Column,Column,TextColumn2,R_O
TextFrame2,Ruler,Ruler,Ruler2,R_O
TextFrame2,NoTextRotation,No Text Rotation,MsoTriState,V
TextRange,Count,Count,Long,R_O
TextRange,Application,Application,Application,R_O
TextRange,Parent,Parent,Object,R_O
TextRange,ActionSettings,Action Settings,ActionSettings,R_O
TextRange,Start,Start,Long,R_O
TextRange,Length,Length,Long,R_O
TextRange,BoundLeft,Bound Left,Single,R_O
TextRange,BoundTop,Bound Top,Single,R_O
TextRange,BoundWidth,Bound Width,Single,R_O
TextRange,BoundHeight,Bound Height,Single,R_O
TextRange,Text,Text,String,V
TextRange,Font,Font,Font,R_O
TextRange,ParagraphFormat,Paragraph Format,ParagraphFormat,R_O
TextRange,IndentLevel,Indent Level,Long,V
TextRange,LanguageID,Language ID,MsoLanguageID,V
TextStyle,Application,Application,Application,R_O
TextStyle,Parent,Parent,Object,R_O
TextStyle,Ruler,Ruler,Ruler,R_O
TextStyle,TextFrame,Text Frame,TextFrame,R_O
TextStyle,Levels,Levels,TextStyleLevels,R_O
TextStyleLevel,Application,Application,Application,R_O
TextStyleLevel,Parent,Parent,Object,R_O
TextStyleLevel,ParagraphFormat,Paragraph Format,ParagraphFormat,R_O
TextStyleLevel,Font,Font,Font,R_O
TextStyleLevels,Count,Count,Long,R_O
TextStyleLevels,Application,Application,Application,R_O
TextStyleLevels,Parent,Parent,Object,R_O
TextStyles,Count,Count,Long,R_O
TextStyles,Application,Application,Application,R_O
TextStyles,Parent,Parent,Object,R_O
Theme,Application,Application,Application,R_O
Theme,Parent,Parent,Object,R_O
Theme,ThemeVariants,Theme Variants,ThemeVariants,R_O
ThemeVariant,Application,Application,Application,R_O
ThemeVariant,Parent,Parent,Object,R_O
ThemeVariant,Name,Name,String,R_O
ThemeVariant,Width,Width,Long,R_O
ThemeVariant,Height,Height,Long,R_O
ThemeVariant,Id,Id,String,R_O
ThemeVariants,Count,Count,Long,R_O
ThemeVariants,Application,Application,Application,R_O
ThemeVariants,Parent,Parent,Object,R_O
ThreeDFormat,Application,Application,Object,R_O
ThreeDFormat,Creator,Creator,Long,R_O
ThreeDFormat,Parent,Parent,Object,R_O
ThreeDFormat,Depth,Depth,Single,V
ThreeDFormat,ExtrusionColor,Extrusion Color,ColorFormat,R_O
ThreeDFormat,ExtrusionColorType,Extrusion Color Type,MsoExtrusionColorType,V
ThreeDFormat,Perspective,Perspective,MsoTriState,V
ThreeDFormat,PresetExtrusionDirection,Preset Extrusion Direction,MsoPresetExtrusionDirection,R_O
ThreeDFormat,PresetLightingDirection,Preset Lighting Direction,MsoPresetLightingDirection,V
ThreeDFormat,PresetLightingSoftness,Preset Lighting Softness,MsoPresetLightingSoftness,V
ThreeDFormat,PresetMaterial,Preset Material,MsoPresetMaterial,V
ThreeDFormat,PresetThreeDFormat,Preset Three D Format,MsoPresetThreeDFormat,R_O
ThreeDFormat,RotationX,Rotation X,Single,V
ThreeDFormat,RotationY,Rotation Y,Single,V
ThreeDFormat,Visible,Visible,MsoTriState,V
ThreeDFormat,PresetLighting,Preset Lighting,MsoLightRigType,V
ThreeDFormat,Z,Z,Single,V
ThreeDFormat,BevelTopType,Bevel Top Type,MsoBevelType,V
ThreeDFormat,BevelTopInset,Bevel Top Inset,Single,V
ThreeDFormat,BevelTopDepth,Bevel Top Depth,Single,V
ThreeDFormat,BevelBottomType,Bevel Bottom Type,MsoBevelType,V
ThreeDFormat,BevelBottomInset,Bevel Bottom Inset,Single,V
ThreeDFormat,BevelBottomDepth,Bevel Bottom Depth,Single,V
ThreeDFormat,PresetCamera,Preset Camera,MsoPresetCamera,R_O
ThreeDFormat,RotationZ,Rotation Z,Single,V
ThreeDFormat,ContourWidth,Contour Width,Single,V
ThreeDFormat,ContourColor,Contour Color,ColorFormat,R_O
ThreeDFormat,FieldOfView,Field Of View,Single,V
ThreeDFormat,ProjectText,Project Text,MsoTriState,V
ThreeDFormat,LightAngle,Light Angle,Single,V
TickLabels,Parent,Parent,Object,R_O
TickLabels,Font,Font,ChartFont,R_O
TickLabels,Name,Name,String,R_O
TickLabels,NumberFormat,Number Format,String,V
TickLabels,NumberFormatLinked,Number Format Linked,Boolean,V
TickLabels,NumberFormatLocal,Number Format Local,Variant,V
TickLabels,Orientation,Orientation,XlTickLabelOrientation,V
TickLabels,Depth,Depth,Long,R_O
TickLabels,Offset,Offset,Long,V
TickLabels,MultiLevel,Multi Level,Boolean,V
TickLabels,Format,Format,ChartFormat,R_O
TickLabels,Creator,Creator,Long,R_O
TickLabels,Application,Application,Application,R_O
TickLabels,Alignment,Alignment,Long,V
TickLabels,ReadingOrder,Reading Order,Long,V
TimeLine,Application,Application,Application,R_O
TimeLine,Parent,Parent,Object,R_O
TimeLine,MainSequence,Main Sequence,Sequence,R_O
TimeLine,InteractiveSequences,Interactive Sequences,Sequences,R_O
Timing,Application,Application,Application,R_O
Timing,Parent,Parent,Object,R_O
Timing,Duration,Duration,Single,V
Timing,TriggerType,Trigger Type,MsoAnimTriggerType,V
Timing,TriggerDelayTime,Trigger Delay Time,Single,V
Timing,TriggerShape,Trigger Shape,Shape,V
Timing,RepeatCount,Repeat Count,Long,V
Timing,RepeatDuration,Repeat Duration,Single,V
Timing,Speed,Speed,Single,V
Timing,Accelerate,Accelerate,Single,V
Timing,Decelerate,Decelerate,Single,V
Timing,AutoReverse,Auto Reverse,MsoTriState,V
Timing,SmoothStart,Smooth Start,MsoTriState,V
Timing,SmoothEnd,Smooth End,MsoTriState,V
Timing,RewindAtEnd,Rewind At End,MsoTriState,V
Timing,Restart,Restart,MsoAnimEffectRestart,V
Timing,BounceEnd,Bounce End,MsoTriState,V
Timing,BounceEndIntensity,Bounce End Intensity,Single,V
Timing,TriggerBookmark,Trigger Bookmark,String,V
Trendline,Parent,Parent,Object,R_O
Trendline,Border,Border,ChartBorder,R_O
Trendline,DataLabel,Data Label,DataLabel,R_O
Trendline,DisplayEquation,Display Equation,Boolean,V
Trendline,DisplayRSquared,Display R Squared,Boolean,V
Trendline,Index,Index,Long,R_O
Trendline,Intercept,Intercept,Double,V
Trendline,InterceptIsAuto,Intercept Is Auto,Boolean,V
Trendline,Name,Name,String,V
Trendline,NameIsAuto,Name Is Auto,Boolean,V
Trendline,Order,Order,Long,V
Trendline,Period,Period,Long,V
Trendline,Type,Type,XlTrendlineType,V
Trendline,Format,Format,ChartFormat,R_O
Trendline,Creator,Creator,Long,R_O
Trendline,Backward2,Backward2,Double,V
Trendline,Forward2,Forward2,Double,V
Trendline,Application,Application,Application,R_O
Trendlines,Parent,Parent,Object,R_O
Trendlines,Count,Count,Long,R_O
Trendlines,Creator,Creator,Long,R_O
Trendlines,Application,Application,Application,R_O
UpBars,Name,Name,String,R_O
UpBars,Parent,Parent,Object,R_O
UpBars,Fill,Fill,ChartFillFormat,R_O
UpBars,Format,Format,ChartFormat,R_O
UpBars,Creator,Creator,Long,R_O
UpBars,Application,Application,Application,R_O
View,Application,Application,Application,R_O
View,Parent,Parent,Object,R_O
View,Type,Type,PpViewType,R_O
View,Zoom,Zoom,Long,V
View,Slide,Slide,Object,V
View,DisplaySlideMiniature,Display Slide Miniature,MsoTriState,V
View,ZoomToFit,Zoom To Fit,MsoTriState,V
View,PrintOptions,Print Options,PrintOptions,R_O
View,MediaControlsVisible,Media Controls Visible,MsoTriState,R_O
View,MediaControlsLeft,Media Controls Left,Single,R_O
View,MediaControlsTop,Media Controls Top,Single,R_O
View,MediaControlsWidth,Media Controls Width,Single,R_O
View,MediaControlsHeight,Media Controls Height,Single,R_O
Walls,Name,Name,String,R_O
Walls,Parent,Parent,Object,R_O
Walls,PictureType,Picture Type,Variant,V
Walls,PictureUnit,Picture Unit,Variant,V
Walls,Thickness,Thickness,Long,V
Walls,Format,Format,ChartFormat,R_O
Walls,Creator,Creator,Long,R_O
Walls,Application,Application,Application,R_O
WebOptions,IncludeNavigation,Include Navigation,MsoTriState,V
WebOptions,FrameColors,Frame Colors,PpFrameColors,V
WebOptions,ResizeGraphics,Resize Graphics,MsoTriState,V
WebOptions,ShowSlideAnimation,Show Slide Animation,MsoTriState,V
WebOptions,OrganizeInFolder,Organize In Folder,MsoTriState,V
WebOptions,UseLongFileNames,Use Long File Names,MsoTriState,V
WebOptions,RelyOnVML,Rely On VML,MsoTriState,V
WebOptions,AllowPNG,Allow PNG,MsoTriState,V
WebOptions,ScreenSize,Screen Size,MsoScreenSize,V
WebOptions,Encoding,Encoding,MsoEncoding,V
WebOptions,FolderSuffix,Folder Suffix,String,R_O
WebOptions,TargetBrowser,Target Browser,MsoTargetBrowser,V
WebOptions,HTMLVersion,HTML Version,PpHTMLVersion,V
